{
    "4": {
        "position_m": {
            "x": 0.155752,
            "y": 0.20018033333333332,
            "z": 0.40429066666666663
        },
        "rotation_quat": {
            "x": 0.7328892915407121,
            "y": 0.0029507893858390366,
            "z": -0.0013677107142044177,
            "w": -0.6803401418072844
        },
        "corners_pixel": [
            [
                1252.05517578125,
                892.8014526367188
            ],
            [
                1344.6268310546875,
                893.0701904296875
            ],
            [
                1398.567138671875,
                937.4213256835938
            ],
            [
                1291.7847900390625,
                936.2352905273438
            ]
        ]
    },
    "3": {
        "position_m": {
            "x": 0.05629533333333333,
            "y": 0.192397,
            "z": 0.30463666666666667
        },
        "rotation_quat": {
            "x": 0.7328892915407121,
            "y": 0.0029507893858390366,
            "z": -0.0013677107142044177,
            "w": -0.6803401418072844
        },
        "corners_pixel": [
            [
                1101.249267578125,
                995.146728515625
            ],
            [
                1224.4404296875,
                995.2740478515625
            ],
            [
                1275.961181640625,
                1078.5753173828125
            ],
            [
                1128.4986572265625,
                1077.4947509765625
            ]
        ]
    },
    "7": {
        "position_m": {
            "x": 0.05509633333333333,
            "y": 0.19992699999999997,
            "z": 0.40593266666666666
        },
        "rotation_quat": {
            "x": 0.7328892915407121,
            "y": 0.0029507893858390366,
            "z": -0.0013677107142044177,
            "w": -0.6803401418072844
        },
        "corners_pixel": [
            [
                1064.3817138671875,
                890.4384765625
            ],
            [
                1156.7373046875,
                891.0889282226562
            ],
            [
                1184.33935546875,
                934.7496948242188
            ],
            [
                1079.0465087890625,
                934.1444702148438
            ]
        ]
    },
    "8": {
        "position_m": {
            "x": -0.07042533333333334,
            "y": 0.200138,
            "z": 0.40575866666666666
        },
        "rotation_quat": {
            "x": 0.7328892915407121,
            "y": 0.0029507893858390366,
            "z": -0.0013677107142044177,
            "w": -0.6803401418072844
        },
        "corners_pixel": [
            [
                832.2589721679688,
                890.5731201171875
            ],
            [
                924.5457153320312,
                892.550048828125
            ],
            [
                919.5736083984375,
                936.0242919921875
            ],
            [
                813.9075317382812,
                935.7291870117188
            ]
        ]
    },
    "5": {
        "position_m": {
            "x": -0.07132433333333332,
            "y": 0.208114,
            "z": 0.5081763333333333
        },
        "rotation_quat": {
            "x": 0.7328892915407121,
            "y": 0.0029507893858390366,
            "z": -0.0013677107142044177,
            "w": -0.6803401418072844
        },
        "corners_pixel": [
            [
                857.2753295898438,
                828.22802734375
            ],
            [
                931.0,
                828.0
            ],
            [
                928.456298828125,
                855.41015625
            ],
            [
                846.3165283203125,
                855.6478271484375
            ]
        ]
    }
}