{
    "4": {
        "position_m": {
            "x": 0.15232003927342164,
            "y": 0.19711940364481867,
            "z": 0.3894199942885272
        },
        "rotation_quat": {
            "x": 0.7323490080221996,
            "y": 0.00520384231251847,
            "z": 0.0018325626713794198,
            "w": -0.6809071098087772
        },
        "corners_pixel": [
            [
                1256.5111083984375,
                904.87353515625
            ],
            [
                1352.232421875,
                904.9329223632812
            ],
            [
                1410.8984375,
                953.465576171875
            ],
            [
                1300.537353515625,
                952.6023559570312
            ]
        ]
    },
    "3": {
        "position_m": {
            "x": 0.05275676783321522,
            "y": 0.19166273538383272,
            "z": 0.28734197900929687
        },
        "rotation_quat": {
            "x": 0.7323490080221996,
            "y": 0.00520384231251847,
            "z": 0.0018325626713794198,
            "w": -0.6809071098087772
        },
        "corners_pixel": [
            [
                1101.48681640625,
                1018.9164428710938
            ],
            [
                1231.5723876953125,
                1018.5183715820312
            ],
            [
                1288.96923828125,
                1112.05224609375
            ],
            [
                1131.637939453125,
                1111.7418212890625
            ]
        ]
    },
    "8": {
        "position_m": {
            "x": -0.07343791049665745,
            "y": 0.1969967131956933,
            "z": 0.3882409628519393
        },
        "rotation_quat": {
            "x": 0.7323490080221996,
            "y": 0.00520384231251847,
            "z": 0.0018325626713794198,
            "w": -0.6809071098087772
        },
        "corners_pixel": [
            [
                819.2913208007812,
                905.63525390625
            ],
            [
                915.9022827148438,
                905.898193359375
            ],
            [
                910.3307495117188,
                953.5700073242188
            ],
            [
                799.0078735351562,
                954.237060546875
            ]
        ]
    },
    "7": {
        "position_m": {
            "x": 0.05204533235471252,
            "y": 0.19744408478081582,
            "z": 0.39001882742993355
        },
        "rotation_quat": {
            "x": 0.7323490080221996,
            "y": 0.00520384231251847,
            "z": 0.0018325626713794198,
            "w": -0.6809071098087772
        },
        "corners_pixel": [
            [
                1061.4888916015625,
                903.4374389648438
            ],
            [
                1157.660888671875,
                903.5299682617188
            ],
            [
                1187.4892578125,
                951.4268188476562
            ],
            [
                1077.2711181640625,
                951.3544311523438
            ]
        ]
    },
    "2": {
        "position_m": {
            "x": 0.15014253217735768,
            "y": 0.21081065358542314,
            "z": 0.4931381843610618
        },
        "rotation_quat": {
            "x": 0.7323490080221996,
            "y": 0.00520384231251847,
            "z": 0.0018325626713794198,
            "w": -0.6809071098087772
        },
        "corners_pixel": [
            [
                1195.27294921875,
                836.727783203125
            ],
            [
                1271.31689453125,
                836.3673095703125
            ],
            [
                1306.400634765625,
                866.4248657226562
            ],
            [
                1222.2000732421875,
                866.293212890625
            ]
        ]
    },
    "1": {
        "position_m": {
            "x": 0.12665946959219215,
            "y": 0.18846343385369851,
            "z": 0.5997074626187221
        },
        "rotation_quat": {
            "x": 0.7323490080221996,
            "y": 0.00520384231251847,
            "z": 0.0018325626713794198,
            "w": -0.6809071098087772
        },
        "corners_pixel": [
            [
                1154.0,
                793.0
            ],
            [
                1217.0,
                793.0
            ],
            [
                1240.2967529296875,
                811.5096435546875
            ],
            [
                1168.196044921875,
                809.2145385742188
            ]
        ]
    },
    "5": {
        "position_m": {
            "x": -0.07314436031778387,
            "y": 0.20685446221189827,
            "z": 0.4905539097673792
        },
        "rotation_quat": {
            "x": 0.7323490080221996,
            "y": 0.00520384231251847,
            "z": 0.0018325626713794198,
            "w": -0.6809071098087772
        },
        "corners_pixel": [
            [
                846.4016723632812,
                836.7738647460938
            ],
            [
                922.654296875,
                835.4400634765625
            ],
            [
                919.8629150390625,
                865.6791381835938
            ],
            [
                834.51513671875,
                866.3597412109375
            ]
        ]
    },
    "6": {
        "position_m": {
            "x": -0.07210675258703188,
            "y": 0.24470905715000943,
            "z": 0.5845562931540426
        },
        "rotation_quat": {
            "x": 0.7323490080221996,
            "y": 0.00520384231251847,
            "z": 0.0018325626713794198,
            "w": -0.6809071098087772
        },
        "corners_pixel": [
            [
                865.8701171875,
                788.7976684570312
            ],
            [
                928.184814453125,
                788.3197631835938
            ],
            [
                926.894287109375,
                811.6818237304688
            ],
            [
                857.482666015625,
                811.6100463867188
            ]
        ]
    }
}