{
    "4": {
        "position_m": {
            "x": 0.1523004907950762,
            "y": 0.19724947131688791,
            "z": 0.38945774618950585
        },
        "rotation_quat": {
            "x": 0.7323987977104846,
            "y": 0.0052330959612229,
            "z": 0.0017629097454417966,
            "w": -0.6808535143245771
        },
        "corners_pixel": [
            [
                1256.6168212890625,
                904.9351806640625
            ],
            [
                1352.29345703125,
                904.82275390625
            ],
            [
                1410.781005859375,
                953.419921875
            ],
            [
                1300.2156982421875,
                952.5899658203125
            ]
        ]
    },
    "8": {
        "position_m": {
            "x": -0.07340035552220459,
            "y": 0.19698412659633907,
            "z": 0.3882258351500557
        },
        "rotation_quat": {
            "x": 0.7323987977104846,
            "y": 0.0052330959612229,
            "z": 0.0017629097454417966,
            "w": -0.6808535143245771
        },
        "corners_pixel": [
            [
                819.1778564453125,
                905.8994140625
            ],
            [
                916.14892578125,
                906.0868530273438
            ],
            [
                910.4013061523438,
                953.5928955078125
            ],
            [
                799.135986328125,
                954.2586059570312
            ]
        ]
    },
    "3": {
        "position_m": {
            "x": 0.0527127191510238,
            "y": 0.19175800499303008,
            "z": 0.2873157459933016
        },
        "rotation_quat": {
            "x": 0.7323987977104846,
            "y": 0.0052330959612229,
            "z": 0.0017629097454417966,
            "w": -0.6808535143245771
        },
        "corners_pixel": [
            [
                1101.4530029296875,
                1018.6674194335938
            ],
            [
                1231.2066650390625,
                1018.29345703125
            ],
            [
                1288.870361328125,
                1112.01513671875
            ],
            [
                1131.701171875,
                1111.7816162109375
            ]
        ]
    },
    "7": {
        "position_m": {
            "x": 0.05210846568337938,
            "y": 0.1975733487417987,
            "z": 0.3899385631942098
        },
        "rotation_quat": {
            "x": 0.7323987977104846,
            "y": 0.0052330959612229,
            "z": 0.0017629097454417966,
            "w": -0.6808535143245771
        },
        "corners_pixel": [
            [
                1061.4647216796875,
                903.4942626953125
            ],
            [
                1157.6566162109375,
                903.5428466796875
            ],
            [
                1187.4278564453125,
                951.3259887695312
            ],
            [
                1077.190673828125,
                951.22509765625
            ]
        ]
    },
    "2": {
        "position_m": {
            "x": 0.1499639088423173,
            "y": 0.21088386999112876,
            "z": 0.4931347577851858
        },
        "rotation_quat": {
            "x": 0.7323987977104846,
            "y": 0.0052330959612229,
            "z": 0.0017629097454417966,
            "w": -0.6808535143245771
        },
        "corners_pixel": [
            [
                1195.2156982421875,
                836.6102294921875
            ],
            [
                1271.198974609375,
                836.10546875
            ],
            [
                1306.3267822265625,
                866.3511352539062
            ],
            [
                1222.0712890625,
                866.25634765625
            ]
        ]
    },
    "1": {
        "position_m": {
            "x": 0.12593268865625745,
            "y": 0.1882083442777176,
            "z": 0.5998494501773312
        },
        "rotation_quat": {
            "x": 0.7323987977104846,
            "y": 0.0052330959612229,
            "z": 0.0017629097454417966,
            "w": -0.6808535143245771
        },
        "corners_pixel": [
            [
                1154.0,
                793.0
            ],
            [
                1217.0,
                793.0
            ],
            [
                1240.1378173828125,
                811.4747314453125
            ],
            [
                1168.24951171875,
                809.17578125
            ]
        ]
    },
    "5": {
        "position_m": {
            "x": -0.07311153333918329,
            "y": 0.2066899969453396,
            "z": 0.4905605462064985
        },
        "rotation_quat": {
            "x": 0.7323987977104846,
            "y": 0.0052330959612229,
            "z": 0.0017629097454417966,
            "w": -0.6808535143245771
        },
        "corners_pixel": [
            [
                846.3836669921875,
                836.767578125
            ],
            [
                922.97900390625,
                834.992431640625
            ],
            [
                920.0078735351562,
                865.7352905273438
            ],
            [
                834.7110595703125,
                866.2012329101562
            ]
        ]
    },
    "6": {
        "position_m": {
            "x": -0.07147059595108528,
            "y": 0.2451514179869511,
            "z": 0.5845692783810486
        },
        "rotation_quat": {
            "x": 0.7323987977104846,
            "y": 0.0052330959612229,
            "z": 0.0017629097454417966,
            "w": -0.6808535143245771
        },
        "corners_pixel": [
            [
                865.56591796875,
                788.768798828125
            ],
            [
                927.8546142578125,
                787.930908203125
            ],
            [
                926.96826171875,
                811.7633056640625
            ],
            [
                857.5895385742188,
                811.8053588867188
            ]
        ]
    }
}