{
    "3": {
        "position_m": {
            "x": 0.17605325508084857,
            "y": 0.14548810574577756,
            "z": 0.3567649752377432
        },
        "rotation_quat": {
            "x": 0.5214185830435561,
            "y": 0.5147804858315451,
            "z": 0.4764522608123819,
            "w": -0.48591867203335426
        },
        "corners_pixel": [
            [
                1336.2314453125,
                815.2305908203125
            ],
            [
                1293.3282470703125,
                785.4088134765625
            ],
            [
                1384.0,
                787.0
            ],
            [
                1441.1773681640625,
                816.1815795898438
            ]
        ]
    },
    "8": {
        "position_m": {
            "x": 0.07740316006513276,
            "y": 0.1258800827996459,
            "z": 0.23063758761060887
        },
        "rotation_quat": {
            "x": 0.5214185830435561,
            "y": 0.5147804858315451,
            "z": 0.4764522608123819,
            "w": -0.48591867203335426
        },
        "corners_pixel": [
            [
                1213.435302734375,
                938.816650390625
            ],
            [
                1171.5950927734375,
                877.6201782226562
            ],
            [
                1304.3433837890625,
                878.0962524414062
            ],
            [
                1375.59375,
                942.92919921875
            ]
        ]
    },
    "6": {
        "position_m": {
            "x": -0.12480597789137307,
            "y": 0.12812735700886593,
            "z": 0.23269778263196678
        },
        "rotation_quat": {
            "x": 0.5214185830435561,
            "y": 0.5147804858315451,
            "z": 0.4764522608123819,
            "w": -0.48591867203335426
        },
        "corners_pixel": [
            [
                575.3007202148438,
                932.9918212890625
            ],
            [
                646.4511108398438,
                870.4688110351562
            ],
            [
                776.2476806640625,
                872.003173828125
            ],
            [
                732.2894897460938,
                934.0421752929688
            ]
        ]
    },
    "5": {
        "position_m": {
            "x": -0.02132186741419181,
            "y": 0.12867310087826664,
            "z": 0.23081773398965857
        },
        "rotation_quat": {
            "x": 0.5214185830435561,
            "y": 0.5147804858315451,
            "z": 0.4764522608123819,
            "w": -0.48591867203335426
        },
        "corners_pixel": [
            [
                891.5123901367188,
                936.6299438476562
            ],
            [
                906.0568237304688,
                872.8090209960938
            ],
            [
                1037.33056640625,
                874.6427001953125
            ],
            [
                1051.412353515625,
                937.7932739257812
            ]
        ]
    },
    "7": {
        "position_m": {
            "x": 0.07732024908865569,
            "y": 0.139193704959374,
            "z": 0.3578104912825842
        },
        "rotation_quat": {
            "x": 0.5214185830435561,
            "y": 0.5147804858315451,
            "z": 0.4764522608123819,
            "w": -0.48591867203335426
        },
        "corners_pixel": [
            [
                1128.4573974609375,
                812.6876831054688
            ],
            [
                1110.4774169921875,
                784.8245239257812
            ],
            [
                1206.2958984375,
                781.0062255859375
            ],
            [
                1232.206787109375,
                813.5186767578125
            ]
        ]
    },
    "4": {
        "position_m": {
            "x": 0.09033170501316092,
            "y": 0.16681761031513503,
            "z": 0.45695489012574275
        },
        "rotation_quat": {
            "x": 0.5214185830435561,
            "y": 0.5147804858315451,
            "z": 0.4764522608123819,
            "w": -0.48591867203335426
        },
        "corners_pixel": [
            [
                1098.214111328125,
                761.6456298828125
            ],
            [
                1086.7398681640625,
                740.480712890625
            ],
            [
                1156.866943359375,
                741.7940063476562
            ],
            [
                1178.568359375,
                761.6158447265625
            ]
        ]
    }
}