{
    "3": {
        "position_m": {
            "x": 0.17559544406731464,
            "y": 0.14396531793139844,
            "z": 0.35749599174853636
        },
        "rotation_quat": {
            "x": 0.5211765773643455,
            "y": 0.5152525138815864,
            "z": 0.4761236004109831,
            "w": -0.4860001432892528
        },
        "corners_pixel": [
            [
                1336.2271728515625,
                815.3724365234375
            ],
            [
                1293.03369140625,
                785.4754028320312
            ],
            [
                1384.0,
                787.0
            ],
            [
                1441.013427734375,
                816.2509765625
            ]
        ]
    },
    "8": {
        "position_m": {
            "x": 0.07717456726283942,
            "y": 0.1261044726464921,
            "z": 0.23054726858910993
        },
        "rotation_quat": {
            "x": 0.5211765773643455,
            "y": 0.5152525138815864,
            "z": 0.4761236004109831,
            "w": -0.4860001432892528
        },
        "corners_pixel": [
            [
                1213.19970703125,
                938.81591796875
            ],
            [
                1171.36083984375,
                877.5254516601562
            ],
            [
                1304.2335205078125,
                878.1779174804688
            ],
            [
                1375.361083984375,
                942.980712890625
            ]
        ]
    },
    "6": {
        "position_m": {
            "x": -0.12495432396850968,
            "y": 0.12811579152836092,
            "z": 0.23261215779554822
        },
        "rotation_quat": {
            "x": 0.5211765773643455,
            "y": 0.5152525138815864,
            "z": 0.4761236004109831,
            "w": -0.4860001432892528
        },
        "corners_pixel": [
            [
                575.1931762695312,
                932.845947265625
            ],
            [
                646.7880249023438,
                870.0889282226562
            ],
            [
                776.1655883789062,
                871.680908203125
            ],
            [
                732.1959838867188,
                933.7726440429688
            ]
        ]
    },
    "5": {
        "position_m": {
            "x": -0.021527545520594753,
            "y": 0.12871074900532578,
            "z": 0.23069114831526039
        },
        "rotation_quat": {
            "x": 0.5211765773643455,
            "y": 0.5152525138815864,
            "z": 0.4761236004109831,
            "w": -0.4860001432892528
        },
        "corners_pixel": [
            [
                891.3856201171875,
                936.5525512695312
            ],
            [
                905.7066650390625,
                872.9229736328125
            ],
            [
                1037.060791015625,
                874.4473266601562
            ],
            [
                1051.313232421875,
                937.8204345703125
            ]
        ]
    },
    "7": {
        "position_m": {
            "x": 0.0786432619644087,
            "y": 0.13901148794081133,
            "z": 0.35791201639225245
        },
        "rotation_quat": {
            "x": 0.5211765773643455,
            "y": 0.5152525138815864,
            "z": 0.4761236004109831,
            "w": -0.4860001432892528
        },
        "corners_pixel": [
            [
                1128.4014892578125,
                812.7464599609375
            ],
            [
                1110.1910400390625,
                784.5615234375
            ],
            [
                1200.0,
                785.0
            ],
            [
                1231.9228515625,
                813.4884643554688
            ]
        ]
    },
    "4": {
        "position_m": {
            "x": 0.08997934986861168,
            "y": 0.16661143993705754,
            "z": 0.45667175199357146
        },
        "rotation_quat": {
            "x": 0.5211765773643455,
            "y": 0.5152525138815864,
            "z": 0.4761236004109831,
            "w": -0.4860001432892528
        },
        "corners_pixel": [
            [
                1098.0682373046875,
                761.653076171875
            ],
            [
                1086.585205078125,
                740.3637084960938
            ],
            [
                1157.2213134765625,
                742.0529174804688
            ],
            [
                1178.391357421875,
                761.5007934570312
            ]
        ]
    }
}