{
    "3": {
        "position_m": {
            "x": 0.174648,
            "y": 0.13995566666666667,
            "z": 0.3583163333333333
        },
        "rotation_quat": {
            "x": 0.5188397599656972,
            "y": 0.5176506093402391,
            "z": 0.4788075210090487,
            "w": -0.4833078811209128
        },
        "corners_pixel": [
            [
                1326.0892333984375,
                814.3067016601562
            ],
            [
                1283.2987060546875,
                784.4691772460938
            ],
            [
                1374.85888671875,
                784.4025268554688
            ],
            [
                1429.6124267578125,
                814.4337158203125
            ]
        ]
    },
    "8": {
        "position_m": {
            "x": 0.073976,
            "y": 0.128478,
            "z": 0.22959566666666667
        },
        "rotation_quat": {
            "x": 0.5188397599656972,
            "y": 0.5176506093402391,
            "z": 0.4788075210090487,
            "w": -0.4833078811209128
        },
        "corners_pixel": [
            [
                1204.15673828125,
                938.1039428710938
            ],
            [
                1162.65234375,
                877.1591796875
            ],
            [
                1294.778564453125,
                877.3757934570312
            ],
            [
                1365.2296142578125,
                941.5234985351562
            ]
        ]
    },
    "6": {
        "position_m": {
            "x": -0.12666966666666668,
            "y": 0.128394,
            "z": 0.23100633333333334
        },
        "rotation_quat": {
            "x": 0.5188397599656972,
            "y": 0.5176506093402391,
            "z": 0.4788075210090487,
            "w": -0.4833078811209128
        },
        "corners_pixel": [
            [
                562.658447265625,
                936.315673828125
            ],
            [
                635.0966796875,
                872.4278564453125
            ],
            [
                766.3573608398438,
                873.41455078125
            ],
            [
                721.7775268554688,
                936.2809448242188
            ]
        ]
    },
    "5": {
        "position_m": {
            "x": -0.026377,
            "y": 0.12822433333333336,
            "z": 0.22971633333333333
        },
        "rotation_quat": {
            "x": 0.5188397599656972,
            "y": 0.5176506093402391,
            "z": 0.4788075210090487,
            "w": -0.4833078811209128
        },
        "corners_pixel": [
            [
                882.0846557617188,
                937.7202758789062
            ],
            [
                896.7285766601562,
                874.1127319335938
            ],
            [
                1028.3939208984375,
                874.754638671875
            ],
            [
                1042.48583984375,
                938.2997436523438
            ]
        ]
    },
    "7": {
        "position_m": {
            "x": 0.073988,
            "y": 0.13864366666666667,
            "z": 0.35692900000000005
        },
        "rotation_quat": {
            "x": 0.5188397599656972,
            "y": 0.5176506093402391,
            "z": 0.4788075210090487,
            "w": -0.4833078811209128
        },
        "corners_pixel": [
            [
                1119.4525146484375,
                812.4949340820312
            ],
            [
                1101.419677734375,
                784.4384765625
            ],
            [
                1192.0,
                785.0
            ],
            [
                1222.9739990234375,
                813.0053100585938
            ]
        ]
    }
}