{
    "3": {
        "position_m": {
            "x": 0.174584,
            "y": 0.13990966666666665,
            "z": 0.35825733333333326
        },
        "rotation_quat": {
            "x": 0.5190209456637772,
            "y": 0.5174090943226681,
            "z": 0.47878711940012,
            "w": -0.4833921610566417
        },
        "corners_pixel": [
            [
                1325.76806640625,
                813.9132080078125
            ],
            [
                1283.21142578125,
                784.4111328125
            ],
            [
                1374.6688232421875,
                784.1165161132812
            ],
            [
                1429.5677490234375,
                814.410888671875
            ]
        ]
    },
    "6": {
        "position_m": {
            "x": -0.12667533333333333,
            "y": 0.12836633333333333,
            "z": 0.23101033333333335
        },
        "rotation_quat": {
            "x": 0.5190209456637772,
            "y": 0.5174090943226681,
            "z": 0.47878711940012,
            "w": -0.4833921610566417
        },
        "corners_pixel": [
            [
                562.6771240234375,
                936.15576171875
            ],
            [
                635.263916015625,
                872.3543090820312
            ],
            [
                766.169677734375,
                873.4207153320312
            ],
            [
                721.9963989257812,
                935.8660888671875
            ]
        ]
    },
    "8": {
        "position_m": {
            "x": 0.07394433333333333,
            "y": 0.12844599999999998,
            "z": 0.22956066666666666
        },
        "rotation_quat": {
            "x": 0.5190209456637772,
            "y": 0.5174090943226681,
            "z": 0.47878711940012,
            "w": -0.4833921610566417
        },
        "corners_pixel": [
            [
                1204.179931640625,
                938.0653686523438
            ],
            [
                1162.5302734375,
                877.0825805664062
            ],
            [
                1295.183837890625,
                877.42333984375
            ],
            [
                1365.0357666015625,
                941.4196166992188
            ]
        ]
    },
    "5": {
        "position_m": {
            "x": -0.026383,
            "y": 0.12819899999999998,
            "z": 0.22970100000000002
        },
        "rotation_quat": {
            "x": 0.5190209456637772,
            "y": 0.5174090943226681,
            "z": 0.47878711940012,
            "w": -0.4833921610566417
        },
        "corners_pixel": [
            [
                882.1212768554688,
                937.7388916015625
            ],
            [
                896.6376342773438,
                873.7559814453125
            ],
            [
                1028.444091796875,
                874.7221069335938
            ],
            [
                1042.4349365234375,
                938.1246948242188
            ]
        ]
    },
    "7": {
        "position_m": {
            "x": 0.073844,
            "y": 0.13850133333333334,
            "z": 0.3565133333333333
        },
        "rotation_quat": {
            "x": 0.5190209456637772,
            "y": 0.5174090943226681,
            "z": 0.47878711940012,
            "w": -0.4833921610566417
        },
        "corners_pixel": [
            [
                1119.60107421875,
                812.431884765625
            ],
            [
                1101.456787109375,
                784.3963623046875
            ],
            [
                1196.964599609375,
                780.224853515625
            ],
            [
                1222.901611328125,
                812.9890747070312
            ]
        ]
    }
}