{
    "4": {
        "position_m": {
            "x": 0.04639933333333334,
            "y": 0.15067166666666665,
            "z": 0.3313933333333334
        },
        "rotation_quat": {
            "x": 0.5219133663818333,
            "y": -0.5168111653604016,
            "z": -0.48069261556676085,
            "w": -0.4790065413858065
        },
        "corners_pixel": [
            [
                1133.662841796875,
                858.7984008789062
            ],
            [
                1154.4046630859375,
                909.8427734375
            ],
            [
                1015.86474609375,
                909.5518188476562
            ],
            [
                1016.3087768554688,
                857.60009765625
            ]
        ]
    },
    "1": {
        "position_m": {
            "x": 0.24844366666666665,
            "y": 0.152114,
            "z": 0.33251833333333336
        },
        "rotation_quat": {
            "x": 0.5219133663818333,
            "y": -0.5168111653604016,
            "z": -0.48069261556676085,
            "w": -0.4790065413858065
        },
        "corners_pixel": [
            [
                1605.80859375,
                860.9241333007812
            ],
            [
                1708.4014892578125,
                912.9613647460938
            ],
            [
                1570.540771484375,
                911.7781982421875
            ],
            [
                1489.160888671875,
                859.0501098632812
            ]
        ]
    },
    "3": {
        "position_m": {
            "x": -0.052656666666666664,
            "y": 0.158689,
            "z": 0.431524
        },
        "rotation_quat": {
            "x": 0.5219133663818333,
            "y": -0.5168111653604016,
            "z": -0.48069261556676085,
            "w": -0.4790065413858065
        },
        "corners_pixel": [
            [
                929.7155151367188,
                791.3218383789062
            ],
            [
                917.2448120117188,
                819.5967407226562
            ],
            [
                815.227783203125,
                819.8411865234375
            ],
            [
                839.0,
                791.0
            ]
        ]
    },
    "2": {
        "position_m": {
            "x": 0.14769266666666667,
            "y": 0.15134766666666666,
            "z": 0.33158933333333335
        },
        "rotation_quat": {
            "x": 0.5219133663818333,
            "y": -0.5168111653604016,
            "z": -0.48069261556676085,
            "w": -0.4790065413858065
        },
        "corners_pixel": [
            [
                1371.2884521484375,
                859.9812622070312
            ],
            [
                1433.49365234375,
                911.7150268554688
            ],
            [
                1295.2974853515625,
                911.449951171875
            ],
            [
                1254.2027587890625,
                859.5348510742188
            ]
        ]
    },
    "7": {
        "position_m": {
            "x": 0.04730733333333333,
            "y": 0.15866033333333335,
            "z": 0.43285799999999997
        },
        "rotation_quat": {
            "x": 0.5219133663818333,
            "y": -0.5168111653604016,
            "z": -0.48069261556676085,
            "w": -0.4790065413858065
        },
        "corners_pixel": [
            [
                1109.0,
                790.0
            ],
            [
                1121.3673095703125,
                819.1554565429688
            ],
            [
                1019.6546630859375,
                818.673583984375
            ],
            [
                1019.7024536132812,
                790.1248779296875
            ]
        ]
    }
}