{
    "2": {
        "position_m": {
            "x": 0.13317466666666666,
            "y": -0.4219186666666667,
            "z": 0.8135526666666667
        },
        "rotation_quat": {
            "x": 0.00667141890957733,
            "y": 0.004324848874557753,
            "z": -0.0036655952304259095,
            "w": -0.9999616748973692
        },
        "corners_pixel": [
            [
                1084.5836181640625,
                171.58432006835938
            ],
            [
                1129.608642578125,
                172.21031188964844
            ],
            [
                1129.1070556640625,
                216.87698364257812
            ],
            [
                1084.4801025390625,
                215.92539978027344
            ]
        ]
    },
    "3": {
        "position_m": {
            "x": 0.03189033333333333,
            "y": -0.22312933333333332,
            "z": 0.8156496666666667
        },
        "rotation_quat": {
            "x": 0.00667141890957733,
            "y": 0.004324848874557753,
            "z": -0.0036655952304259095,
            "w": -0.9999616748973692
        },
        "corners_pixel": [
            [
                993.2575073242188,
                351.11346435546875
            ],
            [
                1038.4437255859375,
                351.67889404296875
            ],
            [
                1037.6998291015625,
                396.50128173828125
            ],
            [
                993.084716796875,
                396.0400695800781
            ]
        ]
    },
    "1": {
        "position_m": {
            "x": 0.13330166666666665,
            "y": -0.5218156666666667,
            "z": 0.814008
        },
        "rotation_quat": {
            "x": 0.00667141890957733,
            "y": 0.004324848874557753,
            "z": -0.0036655952304259095,
            "w": -0.9999616748973692
        },
        "corners_pixel": [
            [
                1084.5057373046875,
                81.78592681884766
            ],
            [
                1129.5167236328125,
                82.53298950195312
            ],
            [
                1129.283203125,
                126.69690704345703
            ],
            [
                1084.430908203125,
                125.92174530029297
            ]
        ]
    },
    "6": {
        "position_m": {
            "x": -0.09370966666666665,
            "y": -0.5248176666666667,
            "z": 0.8146996666666667
        },
        "rotation_quat": {
            "x": 0.00667141890957733,
            "y": 0.004324848874557753,
            "z": -0.0036655952304259095,
            "w": -0.9999616748973692
        },
        "corners_pixel": [
            [
                880.3504028320312,
                79.73407745361328
            ],
            [
                925.3634643554688,
                79.7742691040039
            ],
            [
                925.069091796875,
                124.5810546875
            ],
            [
                880.347900390625,
                124.28511047363281
            ]
        ]
    },
    "7": {
        "position_m": {
            "x": 0.031083333333333334,
            "y": -0.3232793333333333,
            "z": 0.8138816666666667
        },
        "rotation_quat": {
            "x": 0.00667141890957733,
            "y": 0.004324848874557753,
            "z": -0.0036655952304259095,
            "w": -0.9999616748973692
        },
        "corners_pixel": [
            [
                992.4849243164062,
                260.3135070800781
            ],
            [
                1037.6141357421875,
                261.0771789550781
            ],
            [
                1037.498779296875,
                305.61273193359375
            ],
            [
                992.5744018554688,
                305.40826416015625
            ]
        ]
    },
    "4": {
        "position_m": {
            "x": 0.132115,
            "y": -0.32097466666666663,
            "z": 0.8143686666666666
        },
        "rotation_quat": {
            "x": 0.00667141890957733,
            "y": 0.004324848874557753,
            "z": -0.0036655952304259095,
            "w": -0.9999616748973692
        },
        "corners_pixel": [
            [
                1083.542236328125,
                262.7073974609375
            ],
            [
                1128.457275390625,
                263.05572509765625
            ],
            [
                1128.460205078125,
                307.5887756347656
            ],
            [
                1083.6177978515625,
                307.6285095214844
            ]
        ]
    }
}