{
    "7": {
        "position_m": {
            "x": 0.04541457024925272,
            "y": -0.2950176550684019,
            "z": 0.814808590119528
        },
        "rotation_quat": {
            "x": 0.007524713315166703,
            "y": 0.001825498839404972,
            "z": 0.0011294205635926644,
            "w": -0.9999693848577078
        },
        "corners_pixel": [
            [
                988.964111328125,
                275.09918212890625
            ],
            [
                1034.165283203125,
                275.3964538574219
            ],
            [
                1034.27099609375,
                320.41485595703125
            ],
            [
                989.3698120117188,
                320.3824768066406
            ]
        ]
    },
    "4": {
        "position_m": {
            "x": 0.12929834031398427,
            "y": -0.3069968118293197,
            "z": 0.8170057476717545
        },
        "rotation_quat": {
            "x": 0.007524713315166703,
            "y": 0.001825498839404972,
            "z": 0.0011294205635926644,
            "w": -0.9999693848577078
        },
        "corners_pixel": [
            [
                1079.8819580078125,
                277.13128662109375
            ],
            [
                1124.8277587890625,
                276.75
            ],
            [
                1125.0987548828125,
                321.5386047363281
            ],
            [
                1080.429931640625,
                321.5600891113281
            ]
        ]
    },
    "8": {
        "position_m": {
            "x": -0.07910487363754315,
            "y": -0.3097070091029671,
            "z": 0.8134138713809532
        },
        "rotation_quat": {
            "x": 0.007524713315166703,
            "y": 0.001825498839404972,
            "z": 0.0011294205635926644,
            "w": -0.9999693848577078
        },
        "corners_pixel": [
            [
                875.335205078125,
                276.4705810546875
            ],
            [
                920.69140625,
                276.66754150390625
            ],
            [
                920.816650390625,
                321.30621337890625
            ],
            [
                875.7014770507812,
                321.37371826171875
            ]
        ]
    },
    "3": {
        "position_m": {
            "x": 0.01818403598224805,
            "y": -0.18533780031819044,
            "z": 0.8212431779874609
        },
        "rotation_quat": {
            "x": 0.007524713315166703,
            "y": 0.001825498839404972,
            "z": 0.0011294205635926644,
            "w": -0.9999693848577078
        },
        "corners_pixel": [
            [
                990.3333129882812,
                366.1585998535156
            ],
            [
                1035.469482421875,
                366.289306640625
            ],
            [
                1035.29833984375,
                410.8194580078125
            ],
            [
                990.4356079101562,
                410.74700927734375
            ]
        ]
    },
    "5": {
        "position_m": {
            "x": -0.09065123663752188,
            "y": -0.39822203426982705,
            "z": 0.8184768438288826
        },
        "rotation_quat": {
            "x": 0.007524713315166703,
            "y": 0.001825498839404972,
            "z": 0.0011294205635926644,
            "w": -0.9999693848577078
        },
        "corners_pixel": [
            [
                874.6828002929688,
                185.52935791015625
            ],
            [
                919.7783813476562,
                184.7494354248047
            ],
            [
                920.5732421875,
                229.78855895996094
            ],
            [
                875.5556640625,
                230.3355712890625
            ]
        ]
    },
    "1": {
        "position_m": {
            "x": 0.12527709861636072,
            "y": -0.5147912049663281,
            "z": 0.8124068416034779
        },
        "rotation_quat": {
            "x": 0.007524713315166703,
            "y": 0.001825498839404972,
            "z": 0.0011294205635926644,
            "w": -0.9999693848577078
        },
        "corners_pixel": [
            [
                1079.9915771484375,
                95.67595672607422
            ],
            [
                1124.5977783203125,
                95.99420166015625
            ],
            [
                1124.7177734375,
                140.38363647460938
            ],
            [
                1080.09423828125,
                139.96910095214844
            ]
        ]
    },
    "6": {
        "position_m": {
            "x": -0.10186752852762833,
            "y": -0.5073948364256932,
            "z": 0.8131563098023894
        },
        "rotation_quat": {
            "x": 0.007524713315166703,
            "y": 0.001825498839404972,
            "z": 0.0011294205635926644,
            "w": -0.9999693848577078
        },
        "corners_pixel": [
            [
                875.2665405273438,
                95.30481719970703
            ],
            [
                920.4707641601562,
                94.73973846435547
            ],
            [
                920.5022583007812,
                139.66653442382812
            ],
            [
                875.571044921875,
                139.77122497558594
            ]
        ]
    },
    "2": {
        "position_m": {
            "x": 0.13204581667984722,
            "y": -0.3998506750940706,
            "z": 0.8190748350579259
        },
        "rotation_quat": {
            "x": 0.007524713315166703,
            "y": 0.001825498839404972,
            "z": 0.0011294205635926644,
            "w": -0.9999693848577078
        },
        "corners_pixel": [
            [
                1080.3773193359375,
                185.6297607421875
            ],
            [
                1125.467529296875,
                185.7465057373047
            ],
            [
                1125.3675537109375,
                230.65097045898438
            ],
            [
                1080.6707763671875,
                230.28195190429688
            ]
        ]
    }
}