{
    "3": {
        "position_m": {
            "x": 0.026622029900153565,
            "y": -0.21020293311503802,
            "z": 0.8150220130626653
        },
        "rotation_quat": {
            "x": 0.008247220520180832,
            "y": 0.0016613369552329615,
            "z": 0.0005665377252378393,
            "w": -0.9999644505422274
        },
        "corners_pixel": [
            [
                990.2413330078125,
                365.9683532714844
            ],
            [
                1035.338134765625,
                365.94781494140625
            ],
            [
                1035.2554931640625,
                410.8113098144531
            ],
            [
                990.3073120117188,
                410.66876220703125
            ]
        ]
    },
    "4": {
        "position_m": {
            "x": 0.1289413000224608,
            "y": -0.3063723905203402,
            "z": 0.8174591950630612
        },
        "rotation_quat": {
            "x": 0.008247220520180832,
            "y": 0.0016613369552329615,
            "z": 0.0005665377252378393,
            "w": -0.9999644505422274
        },
        "corners_pixel": [
            [
                1079.7197265625,
                276.9962463378906
            ],
            [
                1124.7896728515625,
                276.68035888671875
            ],
            [
                1125.1243896484375,
                321.2861328125
            ],
            [
                1080.4146728515625,
                321.43035888671875
            ]
        ]
    },
    "2": {
        "position_m": {
            "x": 0.1329578884114697,
            "y": -0.3985672235481825,
            "z": 0.8192921987854523
        },
        "rotation_quat": {
            "x": 0.008247220520180832,
            "y": 0.0016613369552329615,
            "z": 0.0005665377252378393,
            "w": -0.9999644505422274
        },
        "corners_pixel": [
            [
                1080.1473388671875,
                185.51966857910156
            ],
            [
                1125.4530029296875,
                185.66102600097656
            ],
            [
                1125.235595703125,
                230.56478881835938
            ],
            [
                1080.575927734375,
                230.2443389892578
            ]
        ]
    },
    "8": {
        "position_m": {
            "x": -0.07809177301632445,
            "y": -0.30881808850185294,
            "z": 0.8138902677006187
        },
        "rotation_quat": {
            "x": 0.008247220520180832,
            "y": 0.0016613369552329615,
            "z": 0.0005665377252378393,
            "w": -0.9999644505422274
        },
        "corners_pixel": [
            [
                875.299560546875,
                276.4691467285156
            ],
            [
                920.5615844726562,
                276.6376037597656
            ],
            [
                920.7056274414062,
                321.3174133300781
            ],
            [
                875.724853515625,
                321.5299072265625
            ]
        ]
    },
    "7": {
        "position_m": {
            "x": 0.0387903872389916,
            "y": -0.27001821610190396,
            "z": 0.8235747019982769
        },
        "rotation_quat": {
            "x": 0.008247220520180832,
            "y": 0.0016613369552329615,
            "z": 0.0005665377252378393,
            "w": -0.9999644505422274
        },
        "corners_pixel": [
            [
                988.9263305664062,
                275.1912536621094
            ],
            [
                1034.12744140625,
                275.30419921875
            ],
            [
                1034.199462890625,
                320.3117370605469
            ],
            [
                989.4115600585938,
                320.3611145019531
            ]
        ]
    },
    "1": {
        "position_m": {
            "x": 0.1278432423108655,
            "y": -0.5132780054459346,
            "z": 0.8133049033929406
        },
        "rotation_quat": {
            "x": 0.008247220520180832,
            "y": 0.0016613369552329615,
            "z": 0.0005665377252378393,
            "w": -0.9999644505422274
        },
        "corners_pixel": [
            [
                1079.74267578125,
                95.71251678466797
            ],
            [
                1124.5406494140625,
                95.88676452636719
            ],
            [
                1124.67822265625,
                140.1517333984375
            ],
            [
                1079.61083984375,
                139.88339233398438
            ]
        ]
    },
    "5": {
        "position_m": {
            "x": -0.09179051389687796,
            "y": -0.398035040692447,
            "z": 0.818610879298759
        },
        "rotation_quat": {
            "x": 0.008247220520180832,
            "y": 0.0016613369552329615,
            "z": 0.0005665377252378393,
            "w": -0.9999644505422274
        },
        "corners_pixel": [
            [
                874.4634399414062,
                185.47752380371094
            ],
            [
                919.6679077148438,
                184.6814727783203
            ],
            [
                920.50244140625,
                229.543701171875
            ],
            [
                875.4773559570312,
                230.3455810546875
            ]
        ]
    },
    "6": {
        "position_m": {
            "x": -0.1013431081644045,
            "y": -0.5064564740124086,
            "z": 0.8139858956477667
        },
        "rotation_quat": {
            "x": 0.008247220520180832,
            "y": 0.0016613369552329615,
            "z": 0.0005665377252378393,
            "w": -0.9999644505422274
        },
        "corners_pixel": [
            [
                875.1683349609375,
                95.23910522460938
            ],
            [
                920.3477172851562,
                94.74620056152344
            ],
            [
                920.5247192382812,
                139.4374237060547
            ],
            [
                875.4942626953125,
                139.61509704589844
            ]
        ]
    }
}