{
    "2": {
        "position_m": {
            "x": 0.13313300000000003,
            "y": -0.42190666666666665,
            "z": 0.8134503333333334
        },
        "rotation_quat": {
            "x": 0.00545530227242934,
            "y": 0.003979662382539996,
            "z": -0.002763800596383961,
            "w": -0.9999733813310737
        },
        "corners_pixel": [
            [
                1084.62841796875,
                171.63909912109375
            ],
            [
                1129.697509765625,
                172.1315460205078
            ],
            [
                1129.2537841796875,
                216.87840270996094
            ],
            [
                1084.4600830078125,
                215.8650360107422
            ]
        ]
    },
    "3": {
        "position_m": {
            "x": 0.031844000000000004,
            "y": -0.22311033333333333,
            "z": 0.8155006666666668
        },
        "rotation_quat": {
            "x": 0.00545530227242934,
            "y": 0.003979662382539996,
            "z": -0.002763800596383961,
            "w": -0.9999733813310737
        },
        "corners_pixel": [
            [
                993.311279296875,
                351.0260925292969
            ],
            [
                1038.36865234375,
                351.48919677734375
            ],
            [
                1037.8231201171875,
                396.3956604003906
            ],
            [
                992.991943359375,
                396.0182800292969
            ]
        ]
    },
    "5": {
        "position_m": {
            "x": -0.09507566666666667,
            "y": -0.42516533333333334,
            "z": 0.815789
        },
        "rotation_quat": {
            "x": 0.00545530227242934,
            "y": 0.003979662382539996,
            "z": -0.002763800596383961,
            "w": -0.9999733813310737
        },
        "corners_pixel": [
            [
                879.4232788085938,
                169.6205596923828
            ],
            [
                924.2791748046875,
                169.52220153808594
            ],
            [
                924.5681762695312,
                214.60633850097656
            ],
            [
                879.6087036132812,
                214.6785888671875
            ]
        ]
    },
    "1": {
        "position_m": {
            "x": 0.13328766666666667,
            "y": -0.5218603333333334,
            "z": 0.8140276666666667
        },
        "rotation_quat": {
            "x": 0.00545530227242934,
            "y": 0.003979662382539996,
            "z": -0.002763800596383961,
            "w": -0.9999733813310737
        },
        "corners_pixel": [
            [
                1084.6263427734375,
                81.7601547241211
            ],
            [
                1129.7568359375,
                82.45590209960938
            ],
            [
                1129.4368896484375,
                126.65748596191406
            ],
            [
                1084.5797119140625,
                126.07086181640625
            ]
        ]
    },
    "6": {
        "position_m": {
            "x": -0.09374433333333333,
            "y": -0.525023,
            "z": 0.8149346666666667
        },
        "rotation_quat": {
            "x": 0.00545530227242934,
            "y": 0.003979662382539996,
            "z": -0.002763800596383961,
            "w": -0.9999733813310737
        },
        "corners_pixel": [
            [
                880.412109375,
                79.57029724121094
            ],
            [
                925.5530395507812,
                79.73950958251953
            ],
            [
                925.2293701171875,
                124.5755615234375
            ],
            [
                880.3180541992188,
                124.26302337646484
            ]
        ]
    },
    "4": {
        "position_m": {
            "x": 0.132134,
            "y": -0.3210806666666667,
            "z": 0.8144809999999999
        },
        "rotation_quat": {
            "x": 0.00545530227242934,
            "y": 0.003979662382539996,
            "z": -0.002763800596383961,
            "w": -0.9999733813310737
        },
        "corners_pixel": [
            [
                1083.4652099609375,
                262.5646667480469
            ],
            [
                1128.6783447265625,
                263.0516357421875
            ],
            [
                1128.396240234375,
                307.6144714355469
            ],
            [
                1083.505859375,
                307.3353576660156
            ]
        ]
    },
    "7": {
        "position_m": {
            "x": 0.031056666666666666,
            "y": -0.32328566666666664,
            "z": 0.8137840000000001
        },
        "rotation_quat": {
            "x": 0.00545530227242934,
            "y": 0.003979662382539996,
            "z": -0.002763800596383961,
            "w": -0.9999733813310737
        },
        "corners_pixel": [
            [
                992.6455078125,
                260.4095764160156
            ],
            [
                1037.7760009765625,
                261.193359375
            ],
            [
                1037.433837890625,
                305.6647644042969
            ],
            [
                992.6632080078125,
                305.31793212890625
            ]
        ]
    }
}