{
    "4": {
        "position_m": {
            "x": 0.152026,
            "y": 0.198727,
            "z": 0.38863
        },
        "rotation_quat": {
            "x": -0.7333,
            "y": -0.0064,
            "z": -0.0002,
            "w": 0.6799
        },
        "corners_pixel": [
            [
                1256.5111083984375,
                904.87353515625
            ],
            [
                1352.232421875,
                904.9329223632812
            ],
            [
                1410.8984375,
                953.465576171875
            ],
            [
                1300.537353515625,
                952.6023559570312
            ]
        ]
    },
    "3": {
        "position_m": {
            "x": 0.053256,
            "y": 0.190875,
            "z": 0.287862
        },
        "rotation_quat": {
            "x": -0.7314,
            "y": -0.0044,
            "z": -0.0006,
            "w": 0.6819
        },
        "corners_pixel": [
            [
                1101.48681640625,
                1018.9164428710938
            ],
            [
                1231.5723876953125,
                1018.5183715820312
            ],
            [
                1288.96923828125,
                1112.05224609375
            ],
            [
                1131.637939453125,
                1111.7418212890625
            ]
        ]
    },
    "8": {
        "position_m": {
            "x": -0.073937,
            "y": 0.198773,
            "z": 0.387549
        },
        "rotation_quat": {
            "x": -0.7339,
            "y": -0.0038,
            "z": -0.0028,
            "w": 0.6793
        },
        "corners_pixel": [
            [
                819.2913208007812,
                905.63525390625
            ],
            [
                915.9022827148438,
                905.898193359375
            ],
            [
                910.3307495117188,
                953.5700073242188
            ],
            [
                799.0078735351562,
                954.237060546875
            ]
        ]
    },
    "7": {
        "position_m": {
            "x": 0.051366,
            "y": 0.198501,
            "z": 0.38945
        },
        "rotation_quat": {
            "x": -0.7333,
            "y": -0.0061,
            "z": -0.0016,
            "w": 0.6799
        },
        "corners_pixel": [
            [
                1061.4888916015625,
                903.4374389648438
            ],
            [
                1157.660888671875,
                903.5299682617188
            ],
            [
                1187.4892578125,
                951.4268188476562
            ],
            [
                1077.2711181640625,
                951.3544311523438
            ]
        ]
    },
    "2": {
        "position_m": {
            "x": 0.153122,
            "y": 0.207653,
            "z": 0.493667
        },
        "rotation_quat": {
            "x": -0.7305,
            "y": -0.0022,
            "z": -0.0018,
            "w": 0.6829
        },
        "corners_pixel": [
            [
                1195.27294921875,
                836.727783203125
            ],
            [
                1271.31689453125,
                836.3673095703125
            ],
            [
                1306.400634765625,
                866.4248657226562
            ],
            [
                1222.2000732421875,
                866.293212890625
            ]
        ]
    },
    "1": {
        "position_m": {
            "x": 0.148949,
            "y": 0.212221,
            "z": 0.586439
        },
        "rotation_quat": {
            "x": -0.7458,
            "y": 0.0074,
            "z": 0.0134,
            "w": 0.666
        },
        "corners_pixel": [
            [
                1154.0,
                793.0
            ],
            [
                1217.0,
                793.0
            ],
            [
                1240.2967529296875,
                811.5096435546875
            ],
            [
                1168.196044921875,
                809.2145385742188
            ]
        ]
    },
    "5": {
        "position_m": {
            "x": -0.075851,
            "y": 0.206396,
            "z": 0.490646
        },
        "rotation_quat": {
            "x": -0.7314,
            "y": -0.0055,
            "z": -0.0067,
            "w": 0.6818
        },
        "corners_pixel": [
            [
                846.4016723632812,
                836.7738647460938
            ],
            [
                922.654296875,
                835.4400634765625
            ],
            [
                919.8629150390625,
                865.6791381835938
            ],
            [
                834.51513671875,
                866.3597412109375
            ]
        ]
    },
    "6": {
        "position_m": {
            "x": -0.077127,
            "y": 0.212929,
            "z": 0.596703
        },
        "rotation_quat": {
            "x": -0.7134,
            "y": -0.0074,
            "z": -0.0065,
            "w": 0.7006
        },
        "corners_pixel": [
            [
                865.8701171875,
                788.7976684570312
            ],
            [
                928.184814453125,
                788.3197631835938
            ],
            [
                926.894287109375,
                811.6818237304688
            ],
            [
                857.482666015625,
                811.6100463867188
            ]
        ]
    }
}