{
    "4": {
        "position_m": {
            "x": 0.152101,
            "y": 0.198748,
            "z": 0.388643
        },
        "rotation_quat": {
            "x": -0.7332,
            "y": -0.006,
            "z": -0.0,
            "w": 0.6799
        },
        "corners_pixel": [
            [
                1256.6168212890625,
                904.9351806640625
            ],
            [
                1352.29345703125,
                904.82275390625
            ],
            [
                1410.781005859375,
                953.419921875
            ],
            [
                1300.2156982421875,
                952.5899658203125
            ]
        ]
    },
    "8": {
        "position_m": {
            "x": -0.073885,
            "y": 0.198823,
            "z": 0.387476
        },
        "rotation_quat": {
            "x": -0.734,
            "y": -0.0038,
            "z": -0.0029,
            "w": 0.6791
        },
        "corners_pixel": [
            [
                819.1778564453125,
                905.8994140625
            ],
            [
                916.14892578125,
                906.0868530273438
            ],
            [
                910.4013061523438,
                953.5928955078125
            ],
            [
                799.135986328125,
                954.2586059570312
            ]
        ]
    },
    "3": {
        "position_m": {
            "x": 0.053261,
            "y": 0.190858,
            "z": 0.287788
        },
        "rotation_quat": {
            "x": -0.7314,
            "y": -0.0046,
            "z": -0.0008,
            "w": 0.682
        },
        "corners_pixel": [
            [
                1101.4530029296875,
                1018.6674194335938
            ],
            [
                1231.2066650390625,
                1018.29345703125
            ],
            [
                1288.870361328125,
                1112.01513671875
            ],
            [
                1131.701171875,
                1111.7816162109375
            ]
        ]
    },
    "7": {
        "position_m": {
            "x": 0.051426,
            "y": 0.198618,
            "z": 0.389558
        },
        "rotation_quat": {
            "x": -0.7333,
            "y": -0.006,
            "z": -0.0018,
            "w": 0.6799
        },
        "corners_pixel": [
            [
                1061.4647216796875,
                903.4942626953125
            ],
            [
                1157.6566162109375,
                903.5428466796875
            ],
            [
                1187.4278564453125,
                951.3259887695312
            ],
            [
                1077.190673828125,
                951.22509765625
            ]
        ]
    },
    "2": {
        "position_m": {
            "x": 0.153133,
            "y": 0.207682,
            "z": 0.493636
        },
        "rotation_quat": {
            "x": -0.7306,
            "y": -0.0024,
            "z": -0.0018,
            "w": 0.6828
        },
        "corners_pixel": [
            [
                1195.2156982421875,
                836.6102294921875
            ],
            [
                1271.198974609375,
                836.10546875
            ],
            [
                1306.3267822265625,
                866.3511352539062
            ],
            [
                1222.0712890625,
                866.25634765625
            ]
        ]
    },
    "1": {
        "position_m": {
            "x": 0.148999,
            "y": 0.212274,
            "z": 0.586448
        },
        "rotation_quat": {
            "x": -0.7459,
            "y": 0.0073,
            "z": 0.0134,
            "w": 0.6659
        },
        "corners_pixel": [
            [
                1154.0,
                793.0
            ],
            [
                1217.0,
                793.0
            ],
            [
                1240.1378173828125,
                811.4747314453125
            ],
            [
                1168.24951171875,
                809.17578125
            ]
        ]
    },
    "5": {
        "position_m": {
            "x": -0.075803,
            "y": 0.206306,
            "z": 0.490238
        },
        "rotation_quat": {
            "x": -0.7315,
            "y": -0.0056,
            "z": -0.007,
            "w": 0.6818
        },
        "corners_pixel": [
            [
                846.3836669921875,
                836.767578125
            ],
            [
                922.97900390625,
                834.992431640625
            ],
            [
                920.0078735351562,
                865.7352905273438
            ],
            [
                834.7110595703125,
                866.2012329101562
            ]
        ]
    },
    "6": {
        "position_m": {
            "x": -0.077141,
            "y": 0.213009,
            "z": 0.596776
        },
        "rotation_quat": {
            "x": -0.7131,
            "y": -0.0077,
            "z": -0.0069,
            "w": 0.701
        },
        "corners_pixel": [
            [
                865.56591796875,
                788.768798828125
            ],
            [
                927.8546142578125,
                787.930908203125
            ],
            [
                926.96826171875,
                811.7633056640625
            ],
            [
                857.5895385742188,
                811.8053588867188
            ]
        ]
    }
}