{
    "3": {
        "position_m": {
            "x": 0.179526,
            "y": 0.140237,
            "z": 0.357692
        },
        "rotation_quat": {
            "x": -0.5191,
            "y": -0.5102,
            "z": -0.4803,
            "w": 0.4895
        },
        "corners_pixel": [
            [
                1336.2314453125,
                815.2305908203125
            ],
            [
                1293.3282470703125,
                785.4088134765625
            ],
            [
                1384.0,
                787.0
            ],
            [
                1441.1773681640625,
                816.1815795898438
            ]
        ]
    },
    "8": {
        "position_m": {
            "x": 0.076801,
            "y": 0.128572,
            "z": 0.229386
        },
        "rotation_quat": {
            "x": -0.5221,
            "y": -0.5186,
            "z": -0.4725,
            "w": 0.485
        },
        "corners_pixel": [
            [
                1213.435302734375,
                938.816650390625
            ],
            [
                1171.5950927734375,
                877.6201782226562
            ],
            [
                1304.3433837890625,
                878.0962524414062
            ],
            [
                1375.59375,
                942.92919921875
            ]
        ]
    },
    "6": {
        "position_m": {
            "x": -0.123812,
            "y": 0.128522,
            "z": 0.233082
        },
        "rotation_quat": {
            "x": -0.5227,
            "y": -0.5133,
            "z": -0.4767,
            "w": 0.4858
        },
        "corners_pixel": [
            [
                575.3007202148438,
                932.9918212890625
            ],
            [
                646.4511108398438,
                870.4688110351562
            ],
            [
                776.2476806640625,
                872.003173828125
            ],
            [
                732.2894897460938,
                934.0421752929688
            ]
        ]
    },
    "5": {
        "position_m": {
            "x": -0.023557,
            "y": 0.128424,
            "z": 0.230786
        },
        "rotation_quat": {
            "x": -0.5186,
            "y": -0.5171,
            "z": -0.4781,
            "w": 0.4848
        },
        "corners_pixel": [
            [
                891.5123901367188,
                936.6299438476562
            ],
            [
                906.0568237304688,
                872.8090209960938
            ],
            [
                1037.33056640625,
                874.6427001953125
            ],
            [
                1051.412353515625,
                937.7932739257812
            ]
        ]
    },
    "7": {
        "position_m": {
            "x": 0.078511,
            "y": 0.139036,
            "z": 0.357705
        },
        "rotation_quat": {
            "x": -0.5238,
            "y": -0.5128,
            "z": -0.4767,
            "w": 0.4851
        },
        "corners_pixel": [
            [
                1128.4573974609375,
                812.6876831054688
            ],
            [
                1110.4774169921875,
                784.8245239257812
            ],
            [
                1206.2958984375,
                781.0062255859375
            ],
            [
                1232.206787109375,
                813.5186767578125
            ]
        ]
    },
    "4": {
        "position_m": {
            "x": 0.083309,
            "y": 0.148238,
            "z": 0.465141
        },
        "rotation_quat": {
            "x": -0.5065,
            "y": -0.5094,
            "z": -0.4896,
            "w": 0.4943
        },
        "corners_pixel": [
            [
                1098.214111328125,
                761.6456298828125
            ],
            [
                1086.7398681640625,
                740.480712890625
            ],
            [
                1156.866943359375,
                741.7940063476562
            ],
            [
                1178.568359375,
                761.6158447265625
            ]
        ]
    }
}