{
    "3": {
        "position_m": {
            "x": 0.179138,
            "y": 0.140003,
            "z": 0.357188
        },
        "rotation_quat": {
            "x": -0.5202,
            "y": -0.5108,
            "z": -0.4778,
            "w": 0.4901
        },
        "corners_pixel": [
            [
                1336.2271728515625,
                815.3724365234375
            ],
            [
                1293.03369140625,
                785.4754028320312
            ],
            [
                1384.0,
                787.0
            ],
            [
                1441.013427734375,
                816.2509765625
            ]
        ]
    },
    "8": {
        "position_m": {
            "x": 0.076685,
            "y": 0.128518,
            "z": 0.229281
        },
        "rotation_quat": {
            "x": -0.5222,
            "y": -0.5186,
            "z": -0.4722,
            "w": 0.4852
        },
        "corners_pixel": [
            [
                1213.19970703125,
                938.81591796875
            ],
            [
                1171.36083984375,
                877.5254516601562
            ],
            [
                1304.2335205078125,
                878.1779174804688
            ],
            [
                1375.361083984375,
                942.980712890625
            ]
        ]
    },
    "6": {
        "position_m": {
            "x": -0.123831,
            "y": 0.128427,
            "z": 0.233014
        },
        "rotation_quat": {
            "x": -0.5227,
            "y": -0.5132,
            "z": -0.4769,
            "w": 0.4858
        },
        "corners_pixel": [
            [
                575.1931762695312,
                932.845947265625
            ],
            [
                646.7880249023438,
                870.0889282226562
            ],
            [
                776.1655883789062,
                871.680908203125
            ],
            [
                732.1959838867188,
                933.7726440429688
            ]
        ]
    },
    "5": {
        "position_m": {
            "x": -0.023608,
            "y": 0.128299,
            "z": 0.230622
        },
        "rotation_quat": {
            "x": -0.5185,
            "y": -0.5174,
            "z": -0.478,
            "w": 0.4847
        },
        "corners_pixel": [
            [
                891.3856201171875,
                936.5525512695312
            ],
            [
                905.7066650390625,
                872.9229736328125
            ],
            [
                1037.060791015625,
                874.4473266601562
            ],
            [
                1051.313232421875,
                937.8204345703125
            ]
        ]
    },
    "7": {
        "position_m": {
            "x": 0.078693,
            "y": 0.139316,
            "z": 0.358356
        },
        "rotation_quat": {
            "x": -0.5209,
            "y": -0.5145,
            "z": -0.4785,
            "w": 0.4848
        },
        "corners_pixel": [
            [
                1128.4014892578125,
                812.7464599609375
            ],
            [
                1110.1910400390625,
                784.5615234375
            ],
            [
                1200.0,
                785.0
            ],
            [
                1231.9228515625,
                813.4884643554688
            ]
        ]
    },
    "4": {
        "position_m": {
            "x": 0.083118,
            "y": 0.148139,
            "z": 0.464807
        },
        "rotation_quat": {
            "x": -0.5071,
            "y": -0.5093,
            "z": -0.4891,
            "w": 0.4942
        },
        "corners_pixel": [
            [
                1098.0682373046875,
                761.653076171875
            ],
            [
                1086.585205078125,
                740.3637084960938
            ],
            [
                1157.2213134765625,
                742.0529174804688
            ],
            [
                1178.391357421875,
                761.5007934570312
            ]
        ]
    }
}