{
    "1": {
        "position_m": {
            "x": 0.24856,
            "y": 0.15228,
            "z": 0.332654
        },
        "rotation_quat": {
            "x": -0.5209,
            "y": 0.5165,
            "z": 0.4839,
            "w": 0.4771
        },
        "corners_pixel": [
            [
                1606.7021484375,
                861.409423828125
            ],
            [
                1708.1600341796875,
                912.9512329101562
            ],
            [
                1570.2392578125,
                911.6139526367188
            ],
            [
                1489.1533203125,
                859.2125244140625
            ]
        ]
    },
    "2": {
        "position_m": {
            "x": 0.14766,
            "y": 0.151336,
            "z": 0.331498
        },
        "rotation_quat": {
            "x": -0.5218,
            "y": 0.5173,
            "z": 0.4797,
            "w": 0.4796
        },
        "corners_pixel": [
            [
                1371.58349609375,
                860.2337036132812
            ],
            [
                1433.59130859375,
                911.8820190429688
            ],
            [
                1295.2806396484375,
                911.4970703125
            ],
            [
                1254.2877197265625,
                859.5885620117188
            ]
        ]
    },
    "4": {
        "position_m": {
            "x": 0.046402,
            "y": 0.150701,
            "z": 0.331474
        },
        "rotation_quat": {
            "x": -0.5242,
            "y": 0.5146,
            "z": 0.4799,
            "w": 0.4797
        },
        "corners_pixel": [
            [
                1133.5853271484375,
                858.6007080078125
            ],
            [
                1154.260498046875,
                910.0519409179688
            ],
            [
                1016.070068359375,
                909.6903686523438
            ],
            [
                1016.3176879882812,
                857.5366821289062
            ]
        ]
    },
    "3": {
        "position_m": {
            "x": -0.052679,
            "y": 0.158755,
            "z": 0.431566
        },
        "rotation_quat": {
            "x": -0.5206,
            "y": 0.5198,
            "z": 0.48,
            "w": 0.4779
        },
        "corners_pixel": [
            [
                929.7235107421875,
                791.2999267578125
            ],
            [
                917.49267578125,
                819.4500732421875
            ],
            [
                815.3159790039062,
                819.7889404296875
            ],
            [
                839.4927978515625,
                790.2520141601562
            ]
        ]
    },
    "7": {
        "position_m": {
            "x": 0.047253,
            "y": 0.158881,
            "z": 0.43331
        },
        "rotation_quat": {
            "x": -0.5225,
            "y": 0.5163,
            "z": 0.48,
            "w": 0.4796
        },
        "corners_pixel": [
            [
                1109.0,
                790.0
            ],
            [
                1121.387939453125,
                819.1124267578125
            ],
            [
                1019.6484375,
                818.6423950195312
            ],
            [
                1020.0911254882812,
                789.2913818359375
            ]
        ]
    },
    "8": {
        "position_m": {
            "x": 0.045962,
            "y": 0.168712,
            "z": 0.565442
        },
        "rotation_quat": {
            "x": -0.5068,
            "y": 0.506,
            "z": 0.4949,
            "w": 0.4922
        },
        "corners_pixel": [
            [
                1087.53125,
                736.4368286132812
            ],
            [
                1094.4205322265625,
                757.888916015625
            ],
            [
                1018.1144409179688,
                756.8198852539062
            ],
            [
                1019.9111938476562,
                736.8744506835938
            ]
        ]
    }
}