{
    "4": {
        "position_m": {
            "x": 0.046391,
            "y": 0.150721,
            "z": 0.331475
        },
        "rotation_quat": {
            "x": -0.5242,
            "y": 0.5147,
            "z": 0.4799,
            "w": 0.4795
        },
        "corners_pixel": [
            [
                1133.608154296875,
                858.8212890625
            ],
            [
                1154.316162109375,
                910.169189453125
            ],
            [
                1016.1416625976562,
                909.6257934570312
            ],
            [
                1016.2903442382812,
                857.5253295898438
            ]
        ]
    },
    "1": {
        "position_m": {
            "x": 0.248338,
            "y": 0.152204,
            "z": 0.332416
        },
        "rotation_quat": {
            "x": -0.5212,
            "y": 0.5161,
            "z": 0.484,
            "w": 0.4773
        },
        "corners_pixel": [
            [
                1606.3426513671875,
                861.2716064453125
            ],
            [
                1708.9896240234375,
                913.2819213867188
            ],
            [
                1570.336181640625,
                911.71337890625
            ],
            [
                1489.2943115234375,
                859.3817749023438
            ]
        ]
    },
    "3": {
        "position_m": {
            "x": -0.05275,
            "y": 0.158928,
            "z": 0.431944
        },
        "rotation_quat": {
            "x": -0.5208,
            "y": 0.5201,
            "z": 0.4798,
            "w": 0.4775
        },
        "corners_pixel": [
            [
                929.6661376953125,
                791.3157348632812
            ],
            [
                917.2192993164062,
                819.6785888671875
            ],
            [
                815.4448852539062,
                819.6035766601562
            ],
            [
                839.5880737304688,
                790.0852661132812
            ]
        ]
    },
    "2": {
        "position_m": {
            "x": 0.147692,
            "y": 0.151432,
            "z": 0.331606
        },
        "rotation_quat": {
            "x": -0.522,
            "y": 0.5172,
            "z": 0.4797,
            "w": 0.4795
        },
        "corners_pixel": [
            [
                1371.3746337890625,
                860.1718139648438
            ],
            [
                1433.5186767578125,
                911.9055786132812
            ],
            [
                1295.305419921875,
                911.4933471679688
            ],
            [
                1254.3768310546875,
                859.7083129882812
            ]
        ]
    },
    "7": {
        "position_m": {
            "x": 0.047275,
            "y": 0.158786,
            "z": 0.43308
        },
        "rotation_quat": {
            "x": -0.5223,
            "y": 0.5166,
            "z": 0.4804,
            "w": 0.4792
        },
        "corners_pixel": [
            [
                1109.7362060546875,
                789.9972534179688
            ],
            [
                1121.37939453125,
                819.1153564453125
            ],
            [
                1019.5869140625,
                818.6448974609375
            ],
            [
                1019.8799438476562,
                789.3328857421875
            ]
        ]
    },
    "8": {
        "position_m": {
            "x": 0.045936,
            "y": 0.168625,
            "z": 0.565133
        },
        "rotation_quat": {
            "x": -0.5067,
            "y": 0.5061,
            "z": 0.4951,
            "w": 0.4919
        },
        "corners_pixel": [
            [
                1087.5845947265625,
                736.4378051757812
            ],
            [
                1094.3966064453125,
                757.8976440429688
            ],
            [
                1018.1484375,
                756.74609375
            ],
            [
                1019.5467529296875,
                737.1466064453125
            ]
        ]
    }
}