{
    "3": {
        "position_m": {
            "x": 0.028481,
            "y": -0.206347,
            "z": 0.815627
        },
        "rotation_quat": {
            "x": -0.0103,
            "y": -0.0015,
            "z": 0.0013,
            "w": 0.9999
        },
        "corners_pixel": [
            [
                990.2413330078125,
                365.9683532714844
            ],
            [
                1035.338134765625,
                365.94781494140625
            ],
            [
                1035.2554931640625,
                410.8113098144531
            ],
            [
                990.3073120117188,
                410.66876220703125
            ]
        ]
    },
    "4": {
        "position_m": {
            "x": 0.128552,
            "y": -0.306434,
            "z": 0.818171
        },
        "rotation_quat": {
            "x": -0.0072,
            "y": -0.0007,
            "z": -0.0032,
            "w": 1.0
        },
        "corners_pixel": [
            [
                1079.7197265625,
                276.9962463378906
            ],
            [
                1124.7896728515625,
                276.68035888671875
            ],
            [
                1125.1243896484375,
                321.2861328125
            ],
            [
                1080.4146728515625,
                321.43035888671875
            ]
        ]
    },
    "2": {
        "position_m": {
            "x": 0.128692,
            "y": -0.407301,
            "z": 0.815643
        },
        "rotation_quat": {
            "x": -0.002,
            "y": -0.0038,
            "z": 0.0001,
            "w": 1.0
        },
        "corners_pixel": [
            [
                1080.1473388671875,
                185.51966857910156
            ],
            [
                1125.4530029296875,
                185.66102600097656
            ],
            [
                1125.235595703125,
                230.56478881835938
            ],
            [
                1080.575927734375,
                230.2443389892578
            ]
        ]
    },
    "8": {
        "position_m": {
            "x": -0.099178,
            "y": -0.304979,
            "z": 0.812981
        },
        "rotation_quat": {
            "x": -0.0089,
            "y": -0.0125,
            "z": -0.0039,
            "w": 0.9999
        },
        "corners_pixel": [
            [
                875.299560546875,
                276.4691467285156
            ],
            [
                920.5615844726562,
                276.6376037597656
            ],
            [
                920.7056274414062,
                321.3174133300781
            ],
            [
                875.724853515625,
                321.5299072265625
            ]
        ]
    },
    "7": {
        "position_m": {
            "x": 0.02678,
            "y": -0.305769,
            "z": 0.811171
        },
        "rotation_quat": {
            "x": -0.0026,
            "y": -0.0117,
            "z": -0.0032,
            "w": 0.9999
        },
        "corners_pixel": [
            [
                988.9263305664062,
                275.1912536621094
            ],
            [
                1034.12744140625,
                275.30419921875
            ],
            [
                1034.199462890625,
                320.3117370605469
            ],
            [
                989.4115600585938,
                320.3611145019531
            ]
        ]
    },
    "1": {
        "position_m": {
            "x": 0.127979,
            "y": -0.507558,
            "z": 0.815983
        },
        "rotation_quat": {
            "x": -0.0121,
            "y": -0.0019,
            "z": 0.002,
            "w": 0.9999
        },
        "corners_pixel": [
            [
                1079.74267578125,
                95.71251678466797
            ],
            [
                1124.5406494140625,
                95.88676452636719
            ],
            [
                1124.67822265625,
                140.1517333984375
            ],
            [
                1079.61083984375,
                139.88339233398438
            ]
        ]
    },
    "5": {
        "position_m": {
            "x": -0.100128,
            "y": -0.406136,
            "z": 0.813278
        },
        "rotation_quat": {
            "x": -0.0028,
            "y": -0.0024,
            "z": -0.0099,
            "w": 0.9999
        },
        "corners_pixel": [
            [
                874.4634399414062,
                185.47752380371094
            ],
            [
                919.6679077148438,
                184.6814727783203
            ],
            [
                920.50244140625,
                229.543701171875
            ],
            [
                875.4773559570312,
                230.3455810546875
            ]
        ]
    },
    "6": {
        "position_m": {
            "x": -0.099435,
            "y": -0.506667,
            "z": 0.81374
        },
        "rotation_quat": {
            "x": -0.0084,
            "y": 0.0013,
            "z": -0.0028,
            "w": 1.0
        },
        "corners_pixel": [
            [
                875.1683349609375,
                95.23910522460938
            ],
            [
                920.3477172851562,
                94.74620056152344
            ],
            [
                920.5247192382812,
                139.4374237060547
            ],
            [
                875.4942626953125,
                139.61509704589844
            ]
        ]
    }
}