{
    "7": {
        "position_m": {
            "x": 0.026881,
            "y": -0.305693,
            "z": 0.810996
        },
        "rotation_quat": {
            "x": -0.002,
            "y": -0.012,
            "z": -0.003,
            "w": 0.9999
        },
        "corners_pixel": [
            [
                988.964111328125,
                275.09918212890625
            ],
            [
                1034.165283203125,
                275.3964538574219
            ],
            [
                1034.27099609375,
                320.41485595703125
            ],
            [
                989.3698120117188,
                320.3824768066406
            ]
        ]
    },
    "4": {
        "position_m": {
            "x": 0.128584,
            "y": -0.306174,
            "z": 0.817702
        },
        "rotation_quat": {
            "x": -0.0084,
            "y": -0.0007,
            "z": -0.0026,
            "w": 1.0
        },
        "corners_pixel": [
            [
                1079.8819580078125,
                277.13128662109375
            ],
            [
                1124.8277587890625,
                276.75
            ],
            [
                1125.0987548828125,
                321.5386047363281
            ],
            [
                1080.429931640625,
                321.5600891113281
            ]
        ]
    },
    "8": {
        "position_m": {
            "x": -0.099088,
            "y": -0.304872,
            "z": 0.812702
        },
        "rotation_quat": {
            "x": -0.0101,
            "y": -0.013,
            "z": -0.0039,
            "w": 0.9999
        },
        "corners_pixel": [
            [
                875.335205078125,
                276.4705810546875
            ],
            [
                920.69140625,
                276.66754150390625
            ],
            [
                920.816650390625,
                321.30621337890625
            ],
            [
                875.7014770507812,
                321.37371826171875
            ]
        ]
    },
    "3": {
        "position_m": {
            "x": 0.028483,
            "y": -0.206134,
            "z": 0.8151
        },
        "rotation_quat": {
            "x": 0.0039,
            "y": 0.0045,
            "z": 0.0013,
            "w": 1.0
        },
        "corners_pixel": [
            [
                990.3333129882812,
                366.1585998535156
            ],
            [
                1035.469482421875,
                366.289306640625
            ],
            [
                1035.29833984375,
                410.8194580078125
            ],
            [
                990.4356079101562,
                410.74700927734375
            ]
        ]
    },
    "5": {
        "position_m": {
            "x": -0.100055,
            "y": -0.406297,
            "z": 0.813545
        },
        "rotation_quat": {
            "x": -0.0023,
            "y": -0.003,
            "z": -0.0094,
            "w": 0.9999
        },
        "corners_pixel": [
            [
                874.6828002929688,
                185.52935791015625
            ],
            [
                919.7783813476562,
                184.7494354248047
            ],
            [
                920.5732421875,
                229.78855895996094
            ],
            [
                875.5556640625,
                230.3355712890625
            ]
        ]
    },
    "1": {
        "position_m": {
            "x": 0.128429,
            "y": -0.50828,
            "z": 0.817271
        },
        "rotation_quat": {
            "x": -0.0104,
            "y": -0.0023,
            "z": 0.002,
            "w": 0.9999
        },
        "corners_pixel": [
            [
                1079.9915771484375,
                95.67595672607422
            ],
            [
                1124.5977783203125,
                95.99420166015625
            ],
            [
                1124.7177734375,
                140.38363647460938
            ],
            [
                1080.09423828125,
                139.96910095214844
            ]
        ]
    },
    "6": {
        "position_m": {
            "x": -0.099357,
            "y": -0.506956,
            "z": 0.814171
        },
        "rotation_quat": {
            "x": -0.0072,
            "y": 0.0013,
            "z": -0.0026,
            "w": 1.0
        },
        "corners_pixel": [
            [
                875.2665405273438,
                95.30481719970703
            ],
            [
                920.4707641601562,
                94.73973846435547
            ],
            [
                920.5022583007812,
                139.66653442382812
            ],
            [
                875.571044921875,
                139.77122497558594
            ]
        ]
    },
    "2": {
        "position_m": {
            "x": 0.128593,
            "y": -0.406683,
            "z": 0.814546
        },
        "rotation_quat": {
            "x": -0.0053,
            "y": -0.005,
            "z": 0.0,
            "w": 1.0
        },
        "corners_pixel": [
            [
                1080.3773193359375,
                185.6297607421875
            ],
            [
                1125.467529296875,
                185.7465057373047
            ],
            [
                1125.3675537109375,
                230.65097045898438
            ],
            [
                1080.6707763671875,
                230.28195190429688
            ]
        ]
    }
}