{
    "4": {
        "position_m": {
            "x": 0.15219,
            "y": 0.198866,
            "z": 0.388827
        },
        "rotation_quat": {
            "x": -0.7333,
            "y": -0.006,
            "z": -0.0003,
            "w": 0.6798
        },
        "corners_pixel": [
            [
                1256.615966796875,
                905.1068115234375
            ],
            [
                1352.42822265625,
                904.9179077148438
            ],
            [
                1410.9749755859375,
                953.3877563476562
            ],
            [
                1300.59130859375,
                952.5751953125
            ]
        ]
    },
    "3": {
        "position_m": {
            "x": 0.053289,
            "y": 0.190868,
            "z": 0.287819
        },
        "rotation_quat": {
            "x": -0.7313,
            "y": -0.0048,
            "z": -0.0008,
            "w": 0.6821
        },
        "corners_pixel": [
            [
                1101.5069580078125,
                1018.8873901367188
            ],
            [
                1231.287109375,
                1018.3142700195312
            ],
            [
                1289.1688232421875,
                1112.29443359375
            ],
            [
                1131.8448486328125,
                1111.698974609375
            ]
        ]
    },
    "8": {
        "position_m": {
            "x": -0.074029,
            "y": 0.198377,
            "z": 0.387403
        },
        "rotation_quat": {
            "x": -0.7337,
            "y": -0.0076,
            "z": 0.0003,
            "w": 0.6795
        },
        "corners_pixel": [
            [
                819.0487670898438,
                904.6104125976562
            ],
            [
                915.7133178710938,
                906.33642578125
            ],
            [
                910.3097534179688,
                953.5801391601562
            ],
            [
                798.8010864257812,
                954.00390625
            ]
        ]
    },
    "7": {
        "position_m": {
            "x": 0.051429,
            "y": 0.198588,
            "z": 0.389505
        },
        "rotation_quat": {
            "x": -0.7332,
            "y": -0.0061,
            "z": -0.0018,
            "w": 0.68
        },
        "corners_pixel": [
            [
                1061.5853271484375,
                903.3977661132812
            ],
            [
                1157.66162109375,
                903.545654296875
            ],
            [
                1187.6314697265625,
                951.4707641601562
            ],
            [
                1077.407470703125,
                951.4474487304688
            ]
        ]
    },
    "2": {
        "position_m": {
            "x": 0.153024,
            "y": 0.207522,
            "z": 0.493317
        },
        "rotation_quat": {
            "x": -0.731,
            "y": -0.0017,
            "z": -0.0013,
            "w": 0.6824
        },
        "corners_pixel": [
            [
                1195.3499755859375,
                836.7363891601562
            ],
            [
                1271.1776123046875,
                836.347412109375
            ],
            [
                1306.3798828125,
                866.3240966796875
            ],
            [
                1222.16796875,
                866.2114868164062
            ]
        ]
    },
    "1": {
        "position_m": {
            "x": 0.148989,
            "y": 0.212264,
            "z": 0.586409
        },
        "rotation_quat": {
            "x": -0.7459,
            "y": 0.0073,
            "z": 0.0133,
            "w": 0.6659
        },
        "corners_pixel": [
            [
                1154.0,
                793.0
            ],
            [
                1217.0,
                793.0
            ],
            [
                1240.213134765625,
                811.4483032226562
            ],
            [
                1168.276123046875,
                809.1923828125
            ]
        ]
    },
    "5": {
        "position_m": {
            "x": -0.075772,
            "y": 0.206373,
            "z": 0.490263
        },
        "rotation_quat": {
            "x": -0.7318,
            "y": -0.0056,
            "z": -0.0069,
            "w": 0.6815
        },
        "corners_pixel": [
            [
                846.498046875,
                836.6515502929688
            ],
            [
                923.0,
                836.0
            ],
            [
                920.1588745117188,
                865.7156982421875
            ],
            [
                834.6586303710938,
                866.3696899414062
            ]
        ]
    },
    "6": {
        "position_m": {
            "x": -0.077001,
            "y": 0.212678,
            "z": 0.595717
        },
        "rotation_quat": {
            "x": -0.7138,
            "y": -0.0079,
            "z": -0.0066,
            "w": 0.7003
        },
        "corners_pixel": [
            [
                865.8292236328125,
                788.9430541992188
            ],
            [
                928.1658325195312,
                788.24951171875
            ],
            [
                927.1470947265625,
                811.6845703125
            ],
            [
                857.4484252929688,
                811.701171875
            ]
        ]
    }
}