{
    "8": {
        "position_m": {
            "x": -0.073962,
            "y": 0.19849,
            "z": 0.387546
        },
        "rotation_quat": {
            "x": -0.7336,
            "y": -0.0073,
            "z": 0.0002,
            "w": 0.6796
        },
        "corners_pixel": [
            [
                819.1723022460938,
                904.7156982421875
            ],
            [
                916.0779418945312,
                906.3014526367188
            ],
            [
                910.3876342773438,
                953.6221313476562
            ],
            [
                799.0325317382812,
                953.7432861328125
            ]
        ]
    },
    "4": {
        "position_m": {
            "x": 0.152221,
            "y": 0.198759,
            "z": 0.388704
        },
        "rotation_quat": {
            "x": -0.7335,
            "y": -0.0055,
            "z": -0.0001,
            "w": 0.6797
        },
        "corners_pixel": [
            [
                1256.69140625,
                904.8276977539062
            ],
            [
                1352.6336669921875,
                904.9812622070312
            ],
            [
                1410.936767578125,
                953.179931640625
            ],
            [
                1300.359130859375,
                952.3167724609375
            ]
        ]
    },
    "3": {
        "position_m": {
            "x": 0.05331,
            "y": 0.19076,
            "z": 0.287671
        },
        "rotation_quat": {
            "x": -0.7313,
            "y": -0.005,
            "z": -0.001,
            "w": 0.682
        },
        "corners_pixel": [
            [
                1101.5177001953125,
                1018.7694702148438
            ],
            [
                1231.5462646484375,
                1018.263916015625
            ],
            [
                1289.3370361328125,
                1112.0753173828125
            ],
            [
                1132.0577392578125,
                1111.865966796875
            ]
        ]
    },
    "7": {
        "position_m": {
            "x": 0.051519,
            "y": 0.198624,
            "z": 0.389609
        },
        "rotation_quat": {
            "x": -0.7332,
            "y": -0.0059,
            "z": -0.0017,
            "w": 0.68
        },
        "corners_pixel": [
            [
                1061.7061767578125,
                903.313720703125
            ],
            [
                1157.78076171875,
                903.5392456054688
            ],
            [
                1187.6207275390625,
                951.3196411132812
            ],
            [
                1077.428466796875,
                951.234619140625
            ]
        ]
    },
    "2": {
        "position_m": {
            "x": 0.153166,
            "y": 0.20756,
            "z": 0.493421
        },
        "rotation_quat": {
            "x": -0.7309,
            "y": -0.002,
            "z": -0.0019,
            "w": 0.6825
        },
        "corners_pixel": [
            [
                1195.3968505859375,
                836.7169189453125
            ],
            [
                1271.45263671875,
                836.0133056640625
            ],
            [
                1306.4786376953125,
                866.0576782226562
            ],
            [
                1222.2694091796875,
                865.9769897460938
            ]
        ]
    },
    "1": {
        "position_m": {
            "x": 0.148932,
            "y": 0.212097,
            "z": 0.586067
        },
        "rotation_quat": {
            "x": -0.7458,
            "y": 0.0068,
            "z": 0.0132,
            "w": 0.666
        },
        "corners_pixel": [
            [
                1154.0,
                793.0
            ],
            [
                1217.0,
                793.0
            ],
            [
                1240.24560546875,
                811.4095458984375
            ],
            [
                1168.1690673828125,
                809.082275390625
            ]
        ]
    },
    "5": {
        "position_m": {
            "x": -0.075723,
            "y": 0.206381,
            "z": 0.490078
        },
        "rotation_quat": {
            "x": -0.732,
            "y": -0.0057,
            "z": -0.0076,
            "w": 0.6812
        },
        "corners_pixel": [
            [
                846.3955688476562,
                836.99609375
            ],
            [
                922.772216796875,
                835.79736328125
            ],
            [
                920.3018188476562,
                865.6808471679688
            ],
            [
                834.862060546875,
                866.542236328125
            ]
        ]
    },
    "6": {
        "position_m": {
            "x": -0.076806,
            "y": 0.212508,
            "z": 0.595049
        },
        "rotation_quat": {
            "x": -0.7141,
            "y": -0.0067,
            "z": -0.0066,
            "w": 0.7
        },
        "corners_pixel": [
            [
                865.5631103515625,
                788.9481811523438
            ],
            [
                928.29443359375,
                788.1209716796875
            ],
            [
                927.2459106445312,
                811.6683349609375
            ],
            [
                857.5878295898438,
                811.7576293945312
            ]
        ]
    }
}