{
    "3": {
        "position_m": {
            "x": 0.179401,
            "y": 0.140061,
            "z": 0.357594
        },
        "rotation_quat": {
            "x": -0.5204,
            "y": -0.5115,
            "z": -0.4775,
            "w": 0.4894
        },
        "corners_pixel": [
            [
                1336.1778564453125,
                815.166259765625
            ],
            [
                1293.328125,
                785.43310546875
            ],
            [
                1384.0,
                787.0
            ],
            [
                1440.8106689453125,
                815.8424682617188
            ]
        ]
    },
    "8": {
        "position_m": {
            "x": 0.07677,
            "y": 0.128559,
            "z": 0.229407
        },
        "rotation_quat": {
            "x": -0.5224,
            "y": -0.5184,
            "z": -0.4724,
            "w": 0.485
        },
        "corners_pixel": [
            [
                1213.398681640625,
                938.7644653320312
            ],
            [
                1171.38623046875,
                877.4254760742188
            ],
            [
                1304.3748779296875,
                878.0617065429688
            ],
            [
                1375.3499755859375,
                942.6734619140625
            ]
        ]
    },
    "6": {
        "position_m": {
            "x": -0.123815,
            "y": 0.128463,
            "z": 0.23303
        },
        "rotation_quat": {
            "x": -0.5227,
            "y": -0.5132,
            "z": -0.4768,
            "w": 0.4859
        },
        "corners_pixel": [
            [
                575.2490844726562,
                932.7955932617188
            ],
            [
                646.5562133789062,
                870.2777099609375
            ],
            [
                776.3465576171875,
                871.766845703125
            ],
            [
                732.345458984375,
                933.8262329101562
            ]
        ]
    },
    "5": {
        "position_m": {
            "x": -0.023579,
            "y": 0.128386,
            "z": 0.230766
        },
        "rotation_quat": {
            "x": -0.5184,
            "y": -0.5172,
            "z": -0.4782,
            "w": 0.4848
        },
        "corners_pixel": [
            [
                891.3012084960938,
                936.5255737304688
            ],
            [
                905.835693359375,
                872.734130859375
            ],
            [
                1037.1219482421875,
                874.389892578125
            ],
            [
                1051.28955078125,
                937.6754760742188
            ]
        ]
    },
    "7": {
        "position_m": {
            "x": 0.078707,
            "y": 0.139185,
            "z": 0.358227
        },
        "rotation_quat": {
            "x": -0.5212,
            "y": -0.5154,
            "z": -0.4773,
            "w": 0.4846
        },
        "corners_pixel": [
            [
                1128.5557861328125,
                812.71044921875
            ],
            [
                1110.21337890625,
                784.5303344726562
            ],
            [
                1200.0,
                785.0
            ],
            [
                1232.1614990234375,
                813.4097900390625
            ]
        ]
    },
    "4": {
        "position_m": {
            "x": 0.083095,
            "y": 0.148011,
            "z": 0.464524
        },
        "rotation_quat": {
            "x": -0.5066,
            "y": -0.5095,
            "z": -0.4893,
            "w": 0.4943
        },
        "corners_pixel": [
            [
                1097.855712890625,
                761.4669189453125
            ],
            [
                1086.6727294921875,
                740.3927612304688
            ],
            [
                1156.7879638671875,
                741.6427612304688
            ],
            [
                1178.4185791015625,
                761.57373046875
            ]
        ]
    }
}