{
    "3": {
        "position_m": {
            "x": 0.179122,
            "y": 0.139944,
            "z": 0.357216
        },
        "rotation_quat": {
            "x": -0.5221,
            "y": -0.5084,
            "z": -0.4781,
            "w": 0.4902
        },
        "corners_pixel": [
            [
                1336.2562255859375,
                815.2234497070312
            ],
            [
                1293.1669921875,
                785.2532958984375
            ],
            [
                1386.2847900390625,
                785.1972045898438
            ],
            [
                1440.9071044921875,
                815.879150390625
            ]
        ]
    },
    "8": {
        "position_m": {
            "x": 0.076769,
            "y": 0.128548,
            "z": 0.229395
        },
        "rotation_quat": {
            "x": -0.5225,
            "y": -0.5184,
            "z": -0.4724,
            "w": 0.4849
        },
        "corners_pixel": [
            [
                1213.305908203125,
                938.7603759765625
            ],
            [
                1171.3736572265625,
                877.3704833984375
            ],
            [
                1304.520263671875,
                878.076416015625
            ],
            [
                1375.45458984375,
                942.7123413085938
            ]
        ]
    },
    "6": {
        "position_m": {
            "x": -0.123799,
            "y": 0.128453,
            "z": 0.233023
        },
        "rotation_quat": {
            "x": -0.5228,
            "y": -0.5131,
            "z": -0.4769,
            "w": 0.4858
        },
        "corners_pixel": [
            [
                575.2525024414062,
                932.7476806640625
            ],
            [
                646.911865234375,
                870.1963500976562
            ],
            [
                776.3181762695312,
                871.6424560546875
            ],
            [
                732.3881225585938,
                933.7167358398438
            ]
        ]
    },
    "5": {
        "position_m": {
            "x": -0.023561,
            "y": 0.12835,
            "z": 0.230733
        },
        "rotation_quat": {
            "x": -0.5185,
            "y": -0.5173,
            "z": -0.4781,
            "w": 0.4847
        },
        "corners_pixel": [
            [
                891.3699340820312,
                936.3267822265625
            ],
            [
                905.821533203125,
                873.0045166015625
            ],
            [
                1037.078369140625,
                874.3915405273438
            ],
            [
                1051.286865234375,
                937.6215209960938
            ]
        ]
    },
    "7": {
        "position_m": {
            "x": 0.078402,
            "y": 0.138851,
            "z": 0.357357
        },
        "rotation_quat": {
            "x": -0.5232,
            "y": -0.5132,
            "z": -0.4767,
            "w": 0.4854
        },
        "corners_pixel": [
            [
                1128.4466552734375,
                812.6100463867188
            ],
            [
                1110.2091064453125,
                784.4266967773438
            ],
            [
                1201.0,
                785.0
            ],
            [
                1231.9788818359375,
                813.3389282226562
            ]
        ]
    },
    "4": {
        "position_m": {
            "x": 0.08313,
            "y": 0.148025,
            "z": 0.464583
        },
        "rotation_quat": {
            "x": -0.5065,
            "y": -0.5094,
            "z": -0.4895,
            "w": 0.4944
        },
        "corners_pixel": [
            [
                1097.8040771484375,
                761.4373168945312
            ],
            [
                1086.473876953125,
                740.4068603515625
            ],
            [
                1157.05810546875,
                741.5791015625
            ],
            [
                1178.453369140625,
                761.561767578125
            ]
        ]
    }
}