{
    "4": {
        "position_m": {
            "x": 0.046407,
            "y": 0.150744,
            "z": 0.331469
        },
        "rotation_quat": {
            "x": -0.5243,
            "y": 0.5147,
            "z": 0.4798,
            "w": 0.4795
        },
        "corners_pixel": [
            [
                1133.6146240234375,
                858.8885498046875
            ],
            [
                1154.2957763671875,
                909.900390625
            ],
            [
                1016.1683959960938,
                909.727783203125
            ],
            [
                1016.3359985351562,
                857.6307373046875
            ]
        ]
    },
    "1": {
        "position_m": {
            "x": 0.248497,
            "y": 0.152265,
            "z": 0.332574
        },
        "rotation_quat": {
            "x": -0.5211,
            "y": 0.5163,
            "z": 0.4838,
            "w": 0.4773
        },
        "corners_pixel": [
            [
                1606.1595458984375,
                861.2227172851562
            ],
            [
                1708.6654052734375,
                913.1823120117188
            ],
            [
                1570.8826904296875,
                911.9281005859375
            ],
            [
                1489.2706298828125,
                859.3698120117188
            ]
        ]
    },
    "3": {
        "position_m": {
            "x": -0.052734,
            "y": 0.158961,
            "z": 0.432077
        },
        "rotation_quat": {
            "x": -0.5207,
            "y": 0.5195,
            "z": 0.4805,
            "w": 0.4775
        },
        "corners_pixel": [
            [
                929.6896362304688,
                791.324951171875
            ],
            [
                917.287841796875,
                819.6106567382812
            ],
            [
                815.3394775390625,
                819.7789306640625
            ],
            [
                840.0,
                791.0
            ]
        ]
    },
    "2": {
        "position_m": {
            "x": 0.147796,
            "y": 0.151524,
            "z": 0.331829
        },
        "rotation_quat": {
            "x": -0.5219,
            "y": 0.5173,
            "z": 0.4795,
            "w": 0.4796
        },
        "corners_pixel": [
            [
                1371.374267578125,
                860.164794921875
            ],
            [
                1433.377685546875,
                911.7040405273438
            ],
            [
                1295.4718017578125,
                911.5084228515625
            ],
            [
                1254.4200439453125,
                859.66943359375
            ]
        ]
    },
    "7": {
        "position_m": {
            "x": 0.047292,
            "y": 0.158786,
            "z": 0.433013
        },
        "rotation_quat": {
            "x": -0.5222,
            "y": 0.5168,
            "z": 0.4802,
            "w": 0.4793
        },
        "corners_pixel": [
            [
                1109.710205078125,
                790.1025390625
            ],
            [
                1121.27783203125,
                819.1109619140625
            ],
            [
                1019.6302490234375,
                818.5862426757812
            ],
            [
                1019.9730834960938,
                789.7789306640625
            ]
        ]
    },
    "8": {
        "position_m": {
            "x": 0.045985,
            "y": 0.168704,
            "z": 0.565371
        },
        "rotation_quat": {
            "x": -0.5067,
            "y": 0.5062,
            "z": 0.4952,
            "w": 0.4918
        },
        "corners_pixel": [
            [
                1087.58056640625,
                736.5548095703125
            ],
            [
                1094.3570556640625,
                757.7797241210938
            ],
            [
                1017.9158325195312,
                756.7113037109375
            ],
            [
                1019.5549926757812,
                736.9320068359375
            ]
        ]
    }
}