{
    "2": {
        "position_m": {
            "x": 0.147689,
            "y": 0.15134,
            "z": 0.331563
        },
        "rotation_quat": {
            "x": -0.5217,
            "y": 0.5174,
            "z": 0.4796,
            "w": 0.4797
        },
        "corners_pixel": [
            [
                1371.616943359375,
                860.170166015625
            ],
            [
                1433.48486328125,
                911.747802734375
            ],
            [
                1295.4154052734375,
                911.4336547851562
            ],
            [
                1254.387939453125,
                859.6554565429688
            ]
        ]
    },
    "4": {
        "position_m": {
            "x": 0.046412,
            "y": 0.150688,
            "z": 0.331473
        },
        "rotation_quat": {
            "x": -0.5241,
            "y": 0.5146,
            "z": 0.4799,
            "w": 0.4797
        },
        "corners_pixel": [
            [
                1133.59912109375,
                858.6150512695312
            ],
            [
                1154.3486328125,
                909.89794921875
            ],
            [
                1016.1236572265625,
                909.6473999023438
            ],
            [
                1016.3880615234375,
                857.5233154296875
            ]
        ]
    },
    "1": {
        "position_m": {
            "x": 0.2485,
            "y": 0.152247,
            "z": 0.332632
        },
        "rotation_quat": {
            "x": -0.5211,
            "y": 0.5164,
            "z": 0.4838,
            "w": 0.4773
        },
        "corners_pixel": [
            [
                1605.5926513671875,
                861.0628051757812
            ],
            [
                1708.6029052734375,
                912.8652954101562
            ],
            [
                1570.1451416015625,
                911.4772338867188
            ],
            [
                1489.1536865234375,
                859.2244262695312
            ]
        ]
    },
    "3": {
        "position_m": {
            "x": -0.05269,
            "y": 0.15884,
            "z": 0.431778
        },
        "rotation_quat": {
            "x": -0.5209,
            "y": 0.5198,
            "z": 0.48,
            "w": 0.4777
        },
        "corners_pixel": [
            [
                929.6122436523438,
                791.2067260742188
            ],
            [
                917.3936767578125,
                819.559814453125
            ],
            [
                815.41064453125,
                819.6588134765625
            ],
            [
                840.0,
                791.0
            ]
        ]
    },
    "7": {
        "position_m": {
            "x": 0.047274,
            "y": 0.158767,
            "z": 0.433036
        },
        "rotation_quat": {
            "x": -0.5224,
            "y": 0.5166,
            "z": 0.4801,
            "w": 0.4793
        },
        "corners_pixel": [
            [
                1109.9091796875,
                790.1395263671875
            ],
            [
                1121.4228515625,
                819.11962890625
            ],
            [
                1019.5578002929688,
                818.5943603515625
            ],
            [
                1019.8821411132812,
                789.3563232421875
            ]
        ]
    },
    "8": {
        "position_m": {
            "x": 0.045941,
            "y": 0.168675,
            "z": 0.565319
        },
        "rotation_quat": {
            "x": -0.507,
            "y": 0.5061,
            "z": 0.4947,
            "w": 0.4921
        },
        "corners_pixel": [
            [
                1087.590576171875,
                736.515869140625
            ],
            [
                1094.33203125,
                757.84521484375
            ],
            [
                1018.2381591796875,
                756.7555541992188
            ],
            [
                1019.46484375,
                737.0091552734375
            ]
        ]
    }
}