{
    "2": {
        "position_m": {
            "x": 0.128815,
            "y": -0.406797,
            "z": 0.814895
        },
        "rotation_quat": {
            "x": -0.0046,
            "y": -0.006,
            "z": -0.0005,
            "w": 1.0
        },
        "corners_pixel": [
            [
                1080.4381103515625,
                185.6512908935547
            ],
            [
                1125.602783203125,
                185.7826385498047
            ],
            [
                1125.4686279296875,
                230.7120819091797
            ],
            [
                1080.840087890625,
                230.32223510742188
            ]
        ]
    },
    "3": {
        "position_m": {
            "x": 0.028544,
            "y": -0.206126,
            "z": 0.815071
        },
        "rotation_quat": {
            "x": -0.0146,
            "y": -0.0,
            "z": 0.0012,
            "w": 0.9999
        },
        "corners_pixel": [
            [
                990.3553466796875,
                366.0278015136719
            ],
            [
                1035.4605712890625,
                366.2066955566406
            ],
            [
                1035.318359375,
                410.80474853515625
            ],
            [
                990.4814453125,
                410.7392578125
            ]
        ]
    },
    "7": {
        "position_m": {
            "x": 0.02711,
            "y": -0.306104,
            "z": 0.812118
        },
        "rotation_quat": {
            "x": -0.0003,
            "y": -0.0103,
            "z": -0.0022,
            "w": 0.9999
        },
        "corners_pixel": [
            [
                989.1270141601562,
                275.1795959472656
            ],
            [
                1034.4412841796875,
                275.3289489746094
            ],
            [
                1034.3363037109375,
                320.3702697753906
            ],
            [
                989.569091796875,
                320.2858581542969
            ]
        ]
    },
    "8": {
        "position_m": {
            "x": -0.099035,
            "y": -0.305123,
            "z": 0.813221
        },
        "rotation_quat": {
            "x": -0.0114,
            "y": -0.0141,
            "z": -0.0044,
            "w": 0.9998
        },
        "corners_pixel": [
            [
                875.5228881835938,
                276.4217834472656
            ],
            [
                920.7366333007812,
                276.6588439941406
            ],
            [
                920.9444580078125,
                321.0226135253906
            ],
            [
                875.8912353515625,
                321.1863098144531
            ]
        ]
    },
    "5": {
        "position_m": {
            "x": -0.099915,
            "y": -0.406752,
            "z": 0.814318
        },
        "rotation_quat": {
            "x": -0.0008,
            "y": -0.0013,
            "z": -0.0088,
            "w": 1.0
        },
        "corners_pixel": [
            [
                874.77587890625,
                185.53038024902344
            ],
            [
                919.8811645507812,
                184.53338623046875
            ],
            [
                920.6256713867188,
                229.7140350341797
            ],
            [
                875.6849975585938,
                230.2775115966797
            ]
        ]
    },
    "1": {
        "position_m": {
            "x": 0.128688,
            "y": -0.508373,
            "z": 0.817453
        },
        "rotation_quat": {
            "x": -0.0095,
            "y": -0.0046,
            "z": 0.0005,
            "w": 0.9999
        },
        "corners_pixel": [
            [
                1080.2401123046875,
                95.66053009033203
            ],
            [
                1124.77197265625,
                96.0134048461914
            ],
            [
                1125.105712890625,
                140.33740234375
            ],
            [
                1080.1190185546875,
                140.11671447753906
            ]
        ]
    },
    "6": {
        "position_m": {
            "x": -0.099146,
            "y": -0.507259,
            "z": 0.814546
        },
        "rotation_quat": {
            "x": -0.0071,
            "y": 0.001,
            "z": -0.0022,
            "w": 1.0
        },
        "corners_pixel": [
            [
                875.5324096679688,
                95.12918853759766
            ],
            [
                920.6502075195312,
                94.680908203125
            ],
            [
                920.5328979492188,
                139.59384155273438
            ],
            [
                875.768310546875,
                139.5559539794922
            ]
        ]
    },
    "4": {
        "position_m": {
            "x": 0.128676,
            "y": -0.305904,
            "z": 0.817061
        },
        "rotation_quat": {
            "x": -0.0105,
            "y": -0.0007,
            "z": -0.0018,
            "w": 0.9999
        },
        "corners_pixel": [
            [
                1080.177978515625,
                277.0807189941406
            ],
            [
                1125.18115234375,
                276.95794677734375
            ],
            [
                1125.2213134765625,
                321.60791015625
            ],
            [
                1080.578125,
                321.47021484375
            ]
        ]
    }
}