{
    "8": {
        "position_m": {
            "x": -0.099191,
            "y": -0.304845,
            "z": 0.812833
        },
        "rotation_quat": {
            "x": -0.0102,
            "y": -0.0134,
            "z": -0.0039,
            "w": 0.9999
        },
        "corners_pixel": [
            [
                875.2810668945312,
                276.51898193359375
            ],
            [
                920.64111328125,
                276.91729736328125
            ],
            [
                920.6759033203125,
                321.4040222167969
            ],
            [
                875.6851196289062,
                321.356201171875
            ]
        ]
    },
    "7": {
        "position_m": {
            "x": 0.026757,
            "y": -0.30578,
            "z": 0.811444
        },
        "rotation_quat": {
            "x": -0.0018,
            "y": -0.012,
            "z": -0.0034,
            "w": 0.9999
        },
        "corners_pixel": [
            [
                988.8021240234375,
                275.2148132324219
            ],
            [
                1033.9161376953125,
                275.36407470703125
            ],
            [
                1034.0811767578125,
                320.3763122558594
            ],
            [
                989.403076171875,
                320.3627624511719
            ]
        ]
    },
    "3": {
        "position_m": {
            "x": 0.02849,
            "y": -0.206438,
            "z": 0.81623
        },
        "rotation_quat": {
            "x": -0.001,
            "y": 0.0015,
            "z": 0.0009,
            "w": 1.0
        },
        "corners_pixel": [
            [
                990.258056640625,
                366.123779296875
            ],
            [
                1035.365966796875,
                366.2505187988281
            ],
            [
                1035.204833984375,
                410.84674072265625
            ],
            [
                990.3560180664062,
                410.8300476074219
            ]
        ]
    },
    "4": {
        "position_m": {
            "x": 0.128431,
            "y": -0.306231,
            "z": 0.817806
        },
        "rotation_quat": {
            "x": -0.0078,
            "y": -0.0016,
            "z": -0.0034,
            "w": 1.0
        },
        "corners_pixel": [
            [
                1079.848388671875,
                277.0329895019531
            ],
            [
                1124.6318359375,
                276.8157043457031
            ],
            [
                1124.9732666015625,
                321.40618896484375
            ],
            [
                1080.350830078125,
                321.6124267578125
            ]
        ]
    },
    "5": {
        "position_m": {
            "x": -0.100154,
            "y": -0.406174,
            "z": 0.813444
        },
        "rotation_quat": {
            "x": -0.0014,
            "y": -0.0032,
            "z": -0.0096,
            "w": 0.9999
        },
        "corners_pixel": [
            [
                874.5494995117188,
                185.5559539794922
            ],
            [
                919.60791015625,
                184.7735595703125
            ],
            [
                920.4481201171875,
                229.86268615722656
            ],
            [
                875.4155883789062,
                230.6558074951172
            ]
        ]
    },
    "1": {
        "position_m": {
            "x": 0.127868,
            "y": -0.507282,
            "z": 0.815729
        },
        "rotation_quat": {
            "x": -0.0121,
            "y": -0.0013,
            "z": 0.0018,
            "w": 0.9999
        },
        "corners_pixel": [
            [
                1079.6778564453125,
                95.88665008544922
            ],
            [
                1124.427734375,
                95.96473693847656
            ],
            [
                1124.5467529296875,
                140.3690185546875
            ],
            [
                1079.58837890625,
                140.04452514648438
            ]
        ]
    },
    "6": {
        "position_m": {
            "x": -0.099494,
            "y": -0.506672,
            "z": 0.813867
        },
        "rotation_quat": {
            "x": -0.008,
            "y": 0.0006,
            "z": -0.0027,
            "w": 1.0
        },
        "corners_pixel": [
            [
                875.1615600585938,
                95.2925033569336
            ],
            [
                920.2479858398438,
                95.04167938232422
            ],
            [
                920.4578247070312,
                139.7351531982422
            ],
            [
                875.4634399414062,
                139.7841339111328
            ]
        ]
    },
    "2": {
        "position_m": {
            "x": 0.128819,
            "y": -0.407715,
            "z": 0.816546
        },
        "rotation_quat": {
            "x": -0.0013,
            "y": -0.0042,
            "z": 0.0003,
            "w": 1.0
        },
        "corners_pixel": [
            [
                1080.03369140625,
                185.53782653808594
            ],
            [
                1125.37890625,
                185.72836303710938
            ],
            [
                1124.991455078125,
                230.60752868652344
            ],
            [
                1080.521240234375,
                230.4087371826172
            ]
        ]
    }
}