{
    "4": {
        "position_m": {
            "x": 0.155744,
            "y": 0.200224,
            "z": 0.404414
        },
        "rotation_quat": {
            "x": -0.7345,
            "y": -0.001,
            "z": 0.0029,
            "w": 0.6787
        },
        "corners_pixel": [
            [
                1251.870849609375,
                892.7660522460938
            ],
            [
                1344.3111572265625,
                892.8370361328125
            ],
            [
                1398.511474609375,
                937.4688720703125
            ],
            [
                1292.2333984375,
                936.4794311523438
            ]
        ]
    },
    "7": {
        "position_m": {
            "x": 0.055037,
            "y": 0.199831,
            "z": 0.40584
        },
        "rotation_quat": {
            "x": -0.7338,
            "y": -0.0035,
            "z": 0.0015,
            "w": 0.6793
        },
        "corners_pixel": [
            [
                1064.3123779296875,
                890.5805053710938
            ],
            [
                1156.7330322265625,
                891.1620483398438
            ],
            [
                1184.360595703125,
                934.782470703125
            ],
            [
                1078.8707275390625,
                934.33154296875
            ]
        ]
    },
    "3": {
        "position_m": {
            "x": 0.056266,
            "y": 0.192386,
            "z": 0.304691
        },
        "rotation_quat": {
            "x": -0.7311,
            "y": -0.0019,
            "z": 0.0015,
            "w": 0.6823
        },
        "corners_pixel": [
            [
                1101.227294921875,
                995.2778930664062
            ],
            [
                1224.3321533203125,
                995.3804931640625
            ],
            [
                1275.779541015625,
                1078.5582275390625
            ],
            [
                1128.354248046875,
                1077.483642578125
            ]
        ]
    },
    "2": {
        "position_m": {
            "x": 0.156871,
            "y": 0.208025,
            "z": 0.507269
        },
        "rotation_quat": {
            "x": -0.7266,
            "y": 0.004,
            "z": 0.0011,
            "w": 0.687
        },
        "corners_pixel": [
            [
                1194.2999267578125,
                829.0406494140625
            ],
            [
                1269.248779296875,
                828.1031494140625
            ],
            [
                1301.6417236328125,
                857.269287109375
            ],
            [
                1219.639404296875,
                856.533203125
            ]
        ]
    },
    "8": {
        "position_m": {
            "x": -0.070445,
            "y": 0.200042,
            "z": 0.40573
        },
        "rotation_quat": {
            "x": -0.7325,
            "y": -0.0049,
            "z": 0.0035,
            "w": 0.6808
        },
        "corners_pixel": [
            [
                832.0494384765625,
                890.5103149414062
            ],
            [
                924.4697875976562,
                892.4259033203125
            ],
            [
                919.5430297851562,
                935.9926147460938
            ],
            [
                813.9547119140625,
                935.5728149414062
            ]
        ]
    },
    "1": {
        "position_m": {
            "x": 0.155264,
            "y": 0.212554,
            "z": 0.605027
        },
        "rotation_quat": {
            "x": -0.7349,
            "y": 0.0048,
            "z": 0.0277,
            "w": 0.6776
        },
        "corners_pixel": [
            [
                1155.9298095703125,
                782.7929077148438
            ],
            [
                1217.0,
                788.0
            ],
            [
                1239.1781005859375,
                805.5072021484375
            ],
            [
                1168.36669921875,
                803.15771484375
            ]
        ]
    },
    "5": {
        "position_m": {
            "x": -0.071503,
            "y": 0.208328,
            "z": 0.508811
        },
        "rotation_quat": {
            "x": -0.7328,
            "y": -0.005,
            "z": -0.0032,
            "w": 0.6805
        },
        "corners_pixel": [
            [
                857.2640380859375,
                828.1065673828125
            ],
            [
                930.0,
                828.0
            ],
            [
                928.2821044921875,
                855.4529418945312
            ],
            [
                846.0289916992188,
                855.6318969726562
            ]
        ]
    },
    "6": {
        "position_m": {
            "x": -0.071672,
            "y": 0.215385,
            "z": 0.616183
        },
        "rotation_quat": {
            "x": -0.7148,
            "y": -0.0019,
            "z": -0.0032,
            "w": 0.6993
        },
        "corners_pixel": [
            [
                874.8659057617188,
                783.866943359375
            ],
            [
                935.3523559570312,
                782.6029052734375
            ],
            [
                934.5744018554688,
                804.9981079101562
            ],
            [
                867.3916015625,
                804.7146606445312
            ]
        ]
    }
}