{
    "4": {
        "position_m": {
            "x": 0.155763,
            "y": 0.200191,
            "z": 0.404312
        },
        "rotation_quat": {
            "x": -0.7345,
            "y": -0.0004,
            "z": 0.0031,
            "w": 0.6786
        },
        "corners_pixel": [
            [
                1252.05517578125,
                892.8014526367188
            ],
            [
                1344.6268310546875,
                893.0701904296875
            ],
            [
                1398.567138671875,
                937.4213256835938
            ],
            [
                1291.7847900390625,
                936.2352905273438
            ]
        ]
    },
    "3": {
        "position_m": {
            "x": 0.056286,
            "y": 0.192362,
            "z": 0.30461
        },
        "rotation_quat": {
            "x": -0.7311,
            "y": -0.0018,
            "z": 0.0015,
            "w": 0.6822
        },
        "corners_pixel": [
            [
                1101.249267578125,
                995.146728515625
            ],
            [
                1224.4404296875,
                995.2740478515625
            ],
            [
                1275.961181640625,
                1078.5753173828125
            ],
            [
                1128.4986572265625,
                1077.4947509765625
            ]
        ]
    },
    "7": {
        "position_m": {
            "x": 0.055094,
            "y": 0.199904,
            "z": 0.405929
        },
        "rotation_quat": {
            "x": -0.7338,
            "y": -0.0036,
            "z": 0.0015,
            "w": 0.6793
        },
        "corners_pixel": [
            [
                1064.3817138671875,
                890.4384765625
            ],
            [
                1156.7373046875,
                891.0889282226562
            ],
            [
                1184.33935546875,
                934.7496948242188
            ],
            [
                1079.0465087890625,
                934.1444702148438
            ]
        ]
    },
    "2": {
        "position_m": {
            "x": 0.156696,
            "y": 0.207765,
            "z": 0.506685
        },
        "rotation_quat": {
            "x": -0.7151,
            "y": 0.0075,
            "z": -0.0033,
            "w": 0.699
        },
        "corners_pixel": [
            [
                1194.421875,
                829.2034912109375
            ],
            [
                1269.3336181640625,
                828.0068969726562
            ],
            [
                1301.550537109375,
                857.2623291015625
            ],
            [
                1219.5234375,
                856.5223999023438
            ]
        ]
    },
    "8": {
        "position_m": {
            "x": -0.070422,
            "y": 0.200124,
            "z": 0.40579
        },
        "rotation_quat": {
            "x": -0.7325,
            "y": -0.0048,
            "z": 0.0035,
            "w": 0.6807
        },
        "corners_pixel": [
            [
                832.2589721679688,
                890.5731201171875
            ],
            [
                924.5457153320312,
                892.550048828125
            ],
            [
                919.5736083984375,
                936.0242919921875
            ],
            [
                813.9075317382812,
                935.7291870117188
            ]
        ]
    },
    "1": {
        "position_m": {
            "x": 0.155063,
            "y": 0.212757,
            "z": 0.604409
        },
        "rotation_quat": {
            "x": -0.7369,
            "y": 0.0059,
            "z": 0.0258,
            "w": 0.6755
        },
        "corners_pixel": [
            [
                1155.9598388671875,
                782.7286376953125
            ],
            [
                1217.0,
                788.0
            ],
            [
                1239.1590576171875,
                805.5415649414062
            ],
            [
                1168.4443359375,
                803.0567016601562
            ]
        ]
    },
    "5": {
        "position_m": {
            "x": -0.071366,
            "y": 0.208164,
            "z": 0.508308
        },
        "rotation_quat": {
            "x": -0.7329,
            "y": -0.0045,
            "z": -0.0033,
            "w": 0.6803
        },
        "corners_pixel": [
            [
                857.2753295898438,
                828.22802734375
            ],
            [
                931.0,
                828.0
            ],
            [
                928.456298828125,
                855.41015625
            ],
            [
                846.3165283203125,
                855.6478271484375
            ]
        ]
    },
    "6": {
        "position_m": {
            "x": -0.071617,
            "y": 0.21539,
            "z": 0.616139
        },
        "rotation_quat": {
            "x": -0.7146,
            "y": -0.0015,
            "z": -0.003,
            "w": 0.6995
        },
        "corners_pixel": [
            [
                875.5219116210938,
                783.6373291015625
            ],
            [
                935.2357788085938,
                782.5259399414062
            ],
            [
                934.4962768554688,
                805.3292236328125
            ],
            [
                867.4338989257812,
                804.5677490234375
            ]
        ]
    }
}