{
    "3": {
        "position_m": {
            "x": 0.174608,
            "y": 0.139932,
            "z": 0.358303
        },
        "rotation_quat": {
            "x": -0.52,
            "y": -0.5096,
            "z": -0.4815,
            "w": 0.4879
        },
        "corners_pixel": [
            [
                1326.0892333984375,
                814.3067016601562
            ],
            [
                1283.2987060546875,
                784.4691772460938
            ],
            [
                1374.85888671875,
                784.4025268554688
            ],
            [
                1429.6124267578125,
                814.4337158203125
            ]
        ]
    },
    "8": {
        "position_m": {
            "x": 0.073963,
            "y": 0.128435,
            "z": 0.229552
        },
        "rotation_quat": {
            "x": -0.5198,
            "y": -0.5217,
            "z": -0.4742,
            "w": 0.4825
        },
        "corners_pixel": [
            [
                1204.15673828125,
                938.1039428710938
            ],
            [
                1162.65234375,
                877.1591796875
            ],
            [
                1294.778564453125,
                877.3757934570312
            ],
            [
                1365.2296142578125,
                941.5234985351562
            ]
        ]
    },
    "6": {
        "position_m": {
            "x": -0.126682,
            "y": 0.128411,
            "z": 0.231048
        },
        "rotation_quat": {
            "x": -0.5194,
            "y": -0.5161,
            "z": -0.4799,
            "w": 0.4833
        },
        "corners_pixel": [
            [
                562.658447265625,
                936.315673828125
            ],
            [
                635.0966796875,
                872.4278564453125
            ],
            [
                766.3573608398438,
                873.41455078125
            ],
            [
                721.7775268554688,
                936.2809448242188
            ]
        ]
    },
    "5": {
        "position_m": {
            "x": -0.026367,
            "y": 0.128226,
            "z": 0.229733
        },
        "rotation_quat": {
            "x": -0.5157,
            "y": -0.5206,
            "z": -0.4807,
            "w": 0.4816
        },
        "corners_pixel": [
            [
                882.0846557617188,
                937.7202758789062
            ],
            [
                896.7285766601562,
                874.1127319335938
            ],
            [
                1028.3939208984375,
                874.754638671875
            ],
            [
                1042.48583984375,
                938.2997436523438
            ]
        ]
    },
    "7": {
        "position_m": {
            "x": 0.073995,
            "y": 0.138592,
            "z": 0.356923
        },
        "rotation_quat": {
            "x": -0.5203,
            "y": -0.517,
            "z": -0.4783,
            "w": 0.4829
        },
        "corners_pixel": [
            [
                1119.4525146484375,
                812.4949340820312
            ],
            [
                1101.419677734375,
                784.4384765625
            ],
            [
                1192.0,
                785.0
            ],
            [
                1222.9739990234375,
                813.0053100585938
            ]
        ]
    },
    "4": {
        "position_m": {
            "x": 0.077313,
            "y": 0.147616,
            "z": 0.463272
        },
        "rotation_quat": {
            "x": -0.5038,
            "y": -0.5122,
            "z": -0.492,
            "w": 0.4918
        },
        "corners_pixel": [
            [
                1089.2113037109375,
                761.4608764648438
            ],
            [
                1077.8414306640625,
                740.4375
            ],
            [
                1148.198486328125,
                741.4489135742188
            ],
            [
                1169.5303955078125,
                761.3411254882812
            ]
        ]
    }
}