{
    "3": {
        "position_m": {
            "x": 0.174482,
            "y": 0.139807,
            "z": 0.3581
        },
        "rotation_quat": {
            "x": -0.52,
            "y": -0.5096,
            "z": -0.4815,
            "w": 0.4879
        },
        "corners_pixel": [
            [
                1325.76806640625,
                813.9132080078125
            ],
            [
                1283.21142578125,
                784.4111328125
            ],
            [
                1374.6688232421875,
                784.1165161132812
            ],
            [
                1429.5677490234375,
                814.410888671875
            ]
        ]
    },
    "6": {
        "position_m": {
            "x": -0.126666,
            "y": 0.128343,
            "z": 0.231017
        },
        "rotation_quat": {
            "x": -0.5195,
            "y": -0.5164,
            "z": -0.4798,
            "w": 0.483
        },
        "corners_pixel": [
            [
                562.6771240234375,
                936.15576171875
            ],
            [
                635.263916015625,
                872.3543090820312
            ],
            [
                766.169677734375,
                873.4207153320312
            ],
            [
                721.9963989257812,
                935.8660888671875
            ]
        ]
    },
    "8": {
        "position_m": {
            "x": 0.073928,
            "y": 0.128393,
            "z": 0.229527
        },
        "rotation_quat": {
            "x": -0.5199,
            "y": -0.5217,
            "z": -0.474,
            "w": 0.4826
        },
        "corners_pixel": [
            [
                1204.179931640625,
                938.0653686523438
            ],
            [
                1162.5302734375,
                877.0825805664062
            ],
            [
                1295.183837890625,
                877.42333984375
            ],
            [
                1365.0357666015625,
                941.4196166992188
            ]
        ]
    },
    "5": {
        "position_m": {
            "x": -0.026378,
            "y": 0.1282,
            "z": 0.229722
        },
        "rotation_quat": {
            "x": -0.5159,
            "y": -0.5205,
            "z": -0.4807,
            "w": 0.4815
        },
        "corners_pixel": [
            [
                882.1212768554688,
                937.7388916015625
            ],
            [
                896.6376342773438,
                873.7559814453125
            ],
            [
                1028.444091796875,
                874.7221069335938
            ],
            [
                1042.4349365234375,
                938.1246948242188
            ]
        ]
    },
    "7": {
        "position_m": {
            "x": 0.073749,
            "y": 0.138356,
            "z": 0.356169
        },
        "rotation_quat": {
            "x": -0.5221,
            "y": -0.514,
            "z": -0.4788,
            "w": 0.4836
        },
        "corners_pixel": [
            [
                1119.60107421875,
                812.431884765625
            ],
            [
                1101.456787109375,
                784.3963623046875
            ],
            [
                1196.964599609375,
                780.224853515625
            ],
            [
                1222.901611328125,
                812.9890747070312
            ]
        ]
    },
    "4": {
        "position_m": {
            "x": 0.077225,
            "y": 0.147468,
            "z": 0.462972
        },
        "rotation_quat": {
            "x": -0.5041,
            "y": -0.5119,
            "z": -0.4916,
            "w": 0.4921
        },
        "corners_pixel": [
            [
                1089.02099609375,
                761.3358154296875
            ],
            [
                1077.720703125,
                740.1362915039062
            ],
            [
                1148.0982666015625,
                741.2341918945312
            ],
            [
                1169.5555419921875,
                761.3338012695312
            ]
        ]
    }
}