{
    "4": {
        "position_m": {
            "x": 0.046391,
            "y": 0.150685,
            "z": 0.331406
        },
        "rotation_quat": {
            "x": -0.5241,
            "y": 0.5149,
            "z": 0.4797,
            "w": 0.4796
        },
        "corners_pixel": [
            [
                1133.662841796875,
                858.7984008789062
            ],
            [
                1154.4046630859375,
                909.8427734375
            ],
            [
                1015.86474609375,
                909.5518188476562
            ],
            [
                1016.3087768554688,
                857.60009765625
            ]
        ]
    },
    "1": {
        "position_m": {
            "x": 0.248469,
            "y": 0.152153,
            "z": 0.332571
        },
        "rotation_quat": {
            "x": -0.5206,
            "y": 0.5165,
            "z": 0.4836,
            "w": 0.4778
        },
        "corners_pixel": [
            [
                1605.80859375,
                860.9241333007812
            ],
            [
                1708.4014892578125,
                912.9613647460938
            ],
            [
                1570.540771484375,
                911.7781982421875
            ],
            [
                1489.160888671875,
                859.0501098632812
            ]
        ]
    },
    "3": {
        "position_m": {
            "x": -0.052693,
            "y": 0.158941,
            "z": 0.431844
        },
        "rotation_quat": {
            "x": -0.5205,
            "y": 0.5214,
            "z": 0.4786,
            "w": 0.4776
        },
        "corners_pixel": [
            [
                929.7155151367188,
                791.3218383789062
            ],
            [
                917.2448120117188,
                819.5967407226562
            ],
            [
                815.227783203125,
                819.8411865234375
            ],
            [
                839.0,
                791.0
            ]
        ]
    },
    "2": {
        "position_m": {
            "x": 0.147648,
            "y": 0.15133,
            "z": 0.331511
        },
        "rotation_quat": {
            "x": -0.5219,
            "y": 0.5173,
            "z": 0.4796,
            "w": 0.4797
        },
        "corners_pixel": [
            [
                1371.2884521484375,
                859.9812622070312
            ],
            [
                1433.49365234375,
                911.7150268554688
            ],
            [
                1295.2974853515625,
                911.449951171875
            ],
            [
                1254.2027587890625,
                859.5348510742188
            ]
        ]
    },
    "7": {
        "position_m": {
            "x": 0.047256,
            "y": 0.158744,
            "z": 0.432856
        },
        "rotation_quat": {
            "x": -0.5224,
            "y": 0.5167,
            "z": 0.4799,
            "w": 0.4794
        },
        "corners_pixel": [
            [
                1109.0,
                790.0
            ],
            [
                1121.3673095703125,
                819.1554565429688
            ],
            [
                1019.6546630859375,
                818.673583984375
            ],
            [
                1019.7024536132812,
                790.1248779296875
            ]
        ]
    },
    "8": {
        "position_m": {
            "x": 0.045942,
            "y": 0.168514,
            "z": 0.564847
        },
        "rotation_quat": {
            "x": -0.5063,
            "y": 0.5063,
            "z": 0.4947,
            "w": 0.4925
        },
        "corners_pixel": [
            [
                1087.5146484375,
                736.4137573242188
            ],
            [
                1094.3582763671875,
                757.7919311523438
            ],
            [
                1018.1130981445312,
                756.8436889648438
            ],
            [
                1019.604736328125,
                737.1092529296875
            ]
        ]
    }
}