{
    "1": {
        "position_m": {
            "x": 0.248393,
            "y": 0.152123,
            "z": 0.332478
        },
        "rotation_quat": {
            "x": -0.5205,
            "y": 0.5164,
            "z": 0.4837,
            "w": 0.4779
        },
        "corners_pixel": [
            [
                1606.202392578125,
                861.1271362304688
            ],
            [
                1708.6859130859375,
                913.140625
            ],
            [
                1570.5576171875,
                911.8111572265625
            ],
            [
                1489.186767578125,
                859.1780395507812
            ]
        ]
    },
    "2": {
        "position_m": {
            "x": 0.147657,
            "y": 0.151376,
            "z": 0.331562
        },
        "rotation_quat": {
            "x": -0.522,
            "y": 0.5172,
            "z": 0.4796,
            "w": 0.4796
        },
        "corners_pixel": [
            [
                1371.0308837890625,
                859.9364624023438
            ],
            [
                1433.337646484375,
                911.6461791992188
            ],
            [
                1295.3575439453125,
                911.510009765625
            ],
            [
                1254.2005615234375,
                859.5601196289062
            ]
        ]
    },
    "3": {
        "position_m": {
            "x": -0.052486,
            "y": 0.158422,
            "z": 0.430543
        },
        "rotation_quat": {
            "x": -0.52,
            "y": 0.5217,
            "z": 0.479,
            "w": 0.4774
        },
        "corners_pixel": [
            [
                929.66650390625,
                791.3023071289062
            ],
            [
                917.3556518554688,
                819.4762573242188
            ],
            [
                815.2061157226562,
                819.7918701171875
            ],
            [
                839.4736938476562,
                790.1732177734375
            ]
        ]
    },
    "4": {
        "position_m": {
            "x": 0.046385,
            "y": 0.150698,
            "z": 0.331404
        },
        "rotation_quat": {
            "x": -0.5242,
            "y": 0.5149,
            "z": 0.4798,
            "w": 0.4795
        },
        "corners_pixel": [
            [
                1133.716064453125,
                859.0011596679688
            ],
            [
                1154.2191162109375,
                909.8810424804688
            ],
            [
                1016.0409545898438,
                909.7094116210938
            ],
            [
                1016.279296875,
                857.6005249023438
            ]
        ]
    },
    "7": {
        "position_m": {
            "x": 0.047275,
            "y": 0.158635,
            "z": 0.432684
        },
        "rotation_quat": {
            "x": -0.522,
            "y": 0.5165,
            "z": 0.4805,
            "w": 0.4793
        },
        "corners_pixel": [
            [
                1109.781982421875,
                790.035400390625
            ],
            [
                1121.40625,
                819.1151123046875
            ],
            [
                1019.5664672851562,
                818.6665649414062
            ],
            [
                1019.8734741210938,
                789.3075561523438
            ]
        ]
    },
    "8": {
        "position_m": {
            "x": 0.045949,
            "y": 0.168707,
            "z": 0.565149
        },
        "rotation_quat": {
            "x": -0.5062,
            "y": 0.5049,
            "z": 0.4966,
            "w": 0.4922
        },
        "corners_pixel": [
            [
                1087.5540771484375,
                736.5167846679688
            ],
            [
                1094.43359375,
                757.8773193359375
            ],
            [
                1017.87646484375,
                756.8287963867188
            ],
            [
                1019.5951538085938,
                737.0824584960938
            ]
        ]
    }
}