{
    "2": {
        "position_m": {
            "x": 0.13308,
            "y": -0.421929,
            "z": 0.813583
        },
        "rotation_quat": {
            "x": -0.0104,
            "y": -0.007,
            "z": 0.0049,
            "w": 0.9999
        },
        "corners_pixel": [
            [
                1084.5836181640625,
                171.58432006835938
            ],
            [
                1129.608642578125,
                172.21031188964844
            ],
            [
                1129.1070556640625,
                216.87698364257812
            ],
            [
                1084.4801025390625,
                215.92539978027344
            ]
        ]
    },
    "3": {
        "position_m": {
            "x": 0.031868,
            "y": -0.223185,
            "z": 0.816034
        },
        "rotation_quat": {
            "x": 0.0037,
            "y": 0.001,
            "z": 0.0054,
            "w": 1.0
        },
        "corners_pixel": [
            [
                993.2575073242188,
                351.11346435546875
            ],
            [
                1038.4437255859375,
                351.67889404296875
            ],
            [
                1037.6998291015625,
                396.50128173828125
            ],
            [
                993.084716796875,
                396.0400695800781
            ]
        ]
    },
    "8": {
        "position_m": {
            "x": -0.094938,
            "y": -0.322292,
            "z": 0.812022
        },
        "rotation_quat": {
            "x": 0.0037,
            "y": -0.0155,
            "z": 0.0007,
            "w": 0.9999
        },
        "corners_pixel": [
            [
                879.055908203125,
                260.6203308105469
            ],
            [
                924.4744262695312,
                261.360595703125
            ],
            [
                924.1420288085938,
                306.00469970703125
            ],
            [
                879.2501220703125,
                305.6004638671875
            ]
        ]
    },
    "5": {
        "position_m": {
            "x": -0.095273,
            "y": -0.425343,
            "z": 0.816338
        },
        "rotation_quat": {
            "x": 0.0044,
            "y": -0.0012,
            "z": -0.0025,
            "w": 1.0
        },
        "corners_pixel": [
            [
                879.3461303710938,
                169.75355529785156
            ],
            [
                924.0888061523438,
                169.5213623046875
            ],
            [
                924.4585571289062,
                214.60403442382812
            ],
            [
                879.550537109375,
                214.77137756347656
            ]
        ]
    },
    "1": {
        "position_m": {
            "x": 0.133222,
            "y": -0.521994,
            "z": 0.814327
        },
        "rotation_quat": {
            "x": -0.0144,
            "y": -0.0037,
            "z": 0.0048,
            "w": 0.9999
        },
        "corners_pixel": [
            [
                1084.5057373046875,
                81.78592681884766
            ],
            [
                1129.5167236328125,
                82.53298950195312
            ],
            [
                1129.283203125,
                126.69690704345703
            ],
            [
                1084.430908203125,
                125.92174530029297
            ]
        ]
    },
    "6": {
        "position_m": {
            "x": -0.093905,
            "y": -0.525043,
            "z": 0.815219
        },
        "rotation_quat": {
            "x": -0.0036,
            "y": 0.0003,
            "z": 0.0024,
            "w": 1.0
        },
        "corners_pixel": [
            [
                880.3504028320312,
                79.73407745361328
            ],
            [
                925.3634643554688,
                79.7742691040039
            ],
            [
                925.069091796875,
                124.5810546875
            ],
            [
                880.347900390625,
                124.28511047363281
            ]
        ]
    },
    "7": {
        "position_m": {
            "x": 0.030931,
            "y": -0.322958,
            "z": 0.813164
        },
        "rotation_quat": {
            "x": -0.0082,
            "y": -0.0116,
            "z": 0.0015,
            "w": 0.9999
        },
        "corners_pixel": [
            [
                992.4849243164062,
                260.3135070800781
            ],
            [
                1037.6141357421875,
                261.0771789550781
            ],
            [
                1037.498779296875,
                305.61273193359375
            ],
            [
                992.5744018554688,
                305.40826416015625
            ]
        ]
    },
    "4": {
        "position_m": {
            "x": 0.132017,
            "y": -0.320998,
            "z": 0.814391
        },
        "rotation_quat": {
            "x": -0.0074,
            "y": -0.0029,
            "z": 0.002,
            "w": 1.0
        },
        "corners_pixel": [
            [
                1083.542236328125,
                262.7073974609375
            ],
            [
                1128.457275390625,
                263.05572509765625
            ],
            [
                1128.460205078125,
                307.5887756347656
            ],
            [
                1083.6177978515625,
                307.6285095214844
            ]
        ]
    }
}