{
    "2": {
        "position_m": {
            "x": 0.13317,
            "y": -0.421963,
            "z": 0.813713
        },
        "rotation_quat": {
            "x": -0.0119,
            "y": -0.0064,
            "z": 0.005,
            "w": 0.9999
        },
        "corners_pixel": [
            [
                1084.62841796875,
                171.63909912109375
            ],
            [
                1129.697509765625,
                172.1315460205078
            ],
            [
                1129.2537841796875,
                216.87840270996094
            ],
            [
                1084.4600830078125,
                215.8650360107422
            ]
        ]
    },
    "3": {
        "position_m": {
            "x": 0.031864,
            "y": -0.223105,
            "z": 0.815721
        },
        "rotation_quat": {
            "x": 0.0008,
            "y": 0.0019,
            "z": 0.0055,
            "w": 1.0
        },
        "corners_pixel": [
            [
                993.311279296875,
                351.0260925292969
            ],
            [
                1038.36865234375,
                351.48919677734375
            ],
            [
                1037.8231201171875,
                396.3956604003906
            ],
            [
                992.991943359375,
                396.0182800292969
            ]
        ]
    },
    "8": {
        "position_m": {
            "x": -0.094915,
            "y": -0.322537,
            "z": 0.812562
        },
        "rotation_quat": {
            "x": -0.0046,
            "y": -0.0138,
            "z": 0.0012,
            "w": 0.9999
        },
        "corners_pixel": [
            [
                879.0771484375,
                260.5718994140625
            ],
            [
                924.5216064453125,
                261.2698974609375
            ],
            [
                923.9519653320312,
                306.0404052734375
            ],
            [
                879.2537841796875,
                305.5732727050781
            ]
        ]
    },
    "5": {
        "position_m": {
            "x": -0.095075,
            "y": -0.424934,
            "z": 0.815477
        },
        "rotation_quat": {
            "x": 0.0034,
            "y": -0.0009,
            "z": -0.0021,
            "w": 1.0
        },
        "corners_pixel": [
            [
                879.4232788085938,
                169.6205596923828
            ],
            [
                924.2791748046875,
                169.52220153808594
            ],
            [
                924.5681762695312,
                214.60633850097656
            ],
            [
                879.6087036132812,
                214.6785888671875
            ]
        ]
    },
    "1": {
        "position_m": {
            "x": 0.133268,
            "y": -0.521827,
            "z": 0.814056
        },
        "rotation_quat": {
            "x": -0.0144,
            "y": -0.0037,
            "z": 0.005,
            "w": 0.9999
        },
        "corners_pixel": [
            [
                1084.6263427734375,
                81.7601547241211
            ],
            [
                1129.7568359375,
                82.45590209960938
            ],
            [
                1129.4368896484375,
                126.65748596191406
            ],
            [
                1084.5797119140625,
                126.07086181640625
            ]
        ]
    },
    "6": {
        "position_m": {
            "x": -0.093754,
            "y": -0.524744,
            "z": 0.814686
        },
        "rotation_quat": {
            "x": -0.0036,
            "y": -0.0001,
            "z": 0.0021,
            "w": 1.0
        },
        "corners_pixel": [
            [
                880.412109375,
                79.57029724121094
            ],
            [
                925.5530395507812,
                79.73950958251953
            ],
            [
                925.2293701171875,
                124.5755615234375
            ],
            [
                880.3180541992188,
                124.26302337646484
            ]
        ]
    },
    "4": {
        "position_m": {
            "x": 0.132059,
            "y": -0.320943,
            "z": 0.814294
        },
        "rotation_quat": {
            "x": -0.009,
            "y": -0.0023,
            "z": 0.0026,
            "w": 1.0
        },
        "corners_pixel": [
            [
                1083.4652099609375,
                262.5646667480469
            ],
            [
                1128.6783447265625,
                263.0516357421875
            ],
            [
                1128.396240234375,
                307.6144714355469
            ],
            [
                1083.505859375,
                307.3353576660156
            ]
        ]
    },
    "7": {
        "position_m": {
            "x": 0.031027,
            "y": -0.323157,
            "z": 0.813757
        },
        "rotation_quat": {
            "x": -0.0086,
            "y": -0.0113,
            "z": 0.0017,
            "w": 0.9999
        },
        "corners_pixel": [
            [
                992.6455078125,
                260.4095764160156
            ],
            [
                1037.7760009765625,
                261.193359375
            ],
            [
                1037.433837890625,
                305.6647644042969
            ],
            [
                992.6632080078125,
                305.31793212890625
            ]
        ]
    }
}