{
    "4": {
        "position_m": {
            "x": 0.155827,
            "y": 0.200182,
            "z": 0.404362
        },
        "rotation_quat": {
            "x": -0.7343,
            "y": -0.0009,
            "z": 0.003,
            "w": 0.6788
        },
        "corners_pixel": [
            [
                1252.1380615234375,
                892.7301635742188
            ],
            [
                1344.353759765625,
                892.7549438476562
            ],
            [
                1398.787353515625,
                937.462158203125
            ],
            [
                1292.0015869140625,
                936.1795043945312
            ]
        ]
    },
    "3": {
        "position_m": {
            "x": 0.056332,
            "y": 0.192407,
            "z": 0.304648
        },
        "rotation_quat": {
            "x": -0.7313,
            "y": -0.0016,
            "z": 0.0013,
            "w": 0.682
        },
        "corners_pixel": [
            [
                1101.390625,
                995.1876220703125
            ],
            [
                1224.612060546875,
                995.4275512695312
            ],
            [
                1275.9713134765625,
                1078.3167724609375
            ],
            [
                1128.427978515625,
                1077.1710205078125
            ]
        ]
    },
    "7": {
        "position_m": {
            "x": 0.055137,
            "y": 0.199955,
            "z": 0.406004
        },
        "rotation_quat": {
            "x": -0.7338,
            "y": -0.0036,
            "z": 0.0013,
            "w": 0.6794
        },
        "corners_pixel": [
            [
                1064.5252685546875,
                890.5299072265625
            ],
            [
                1156.7525634765625,
                891.0585327148438
            ],
            [
                1184.4029541015625,
                934.6838989257812
            ],
            [
                1079.0318603515625,
                934.1803588867188
            ]
        ]
    },
    "2": {
        "position_m": {
            "x": 0.15636,
            "y": 0.207495,
            "z": 0.505699
        },
        "rotation_quat": {
            "x": -0.6828,
            "y": 0.0168,
            "z": -0.0146,
            "w": 0.7303
        },
        "corners_pixel": [
            [
                1194.4730224609375,
                829.072021484375
            ],
            [
                1269.0,
                830.0
            ],
            [
                1301.658447265625,
                857.0390625
            ],
            [
                1219.7869873046875,
                856.5845947265625
            ]
        ]
    },
    "8": {
        "position_m": {
            "x": -0.070408,
            "y": 0.200199,
            "z": 0.40584
        },
        "rotation_quat": {
            "x": -0.7326,
            "y": -0.0048,
            "z": 0.0032,
            "w": 0.6807
        },
        "corners_pixel": [
            [
                832.0530395507812,
                890.6795043945312
            ],
            [
                924.5364990234375,
                892.5780029296875
            ],
            [
                919.7069702148438,
                936.002685546875
            ],
            [
                814.1910400390625,
                935.6995239257812
            ]
        ]
    },
    "1": {
        "position_m": {
            "x": 0.15508,
            "y": 0.212903,
            "z": 0.604383
        },
        "rotation_quat": {
            "x": -0.7378,
            "y": 0.0064,
            "z": 0.025,
            "w": 0.6746
        },
        "corners_pixel": [
            [
                1156.3590087890625,
                782.8416748046875
            ],
            [
                1217.0,
                788.0
            ],
            [
                1239.2452392578125,
                805.5043334960938
            ],
            [
                1168.513916015625,
                803.0234985351562
            ]
        ]
    },
    "5": {
        "position_m": {
            "x": -0.071243,
            "y": 0.20805,
            "z": 0.508062
        },
        "rotation_quat": {
            "x": -0.7327,
            "y": -0.0038,
            "z": -0.0031,
            "w": 0.6805
        },
        "corners_pixel": [
            [
                857.2338256835938,
                828.150146484375
            ],
            [
                931.0,
                828.0
            ],
            [
                928.4013061523438,
                855.4540405273438
            ],
            [
                846.3897705078125,
                855.6488647460938
            ]
        ]
    },
    "6": {
        "position_m": {
            "x": -0.071676,
            "y": 0.215518,
            "z": 0.616486
        },
        "rotation_quat": {
            "x": -0.7143,
            "y": -0.002,
            "z": -0.0034,
            "w": 0.6998
        },
        "corners_pixel": [
            [
                875.5975341796875,
                783.5703125
            ],
            [
                935.39892578125,
                782.545654296875
            ],
            [
                934.6923217773438,
                804.8507690429688
            ],
            [
                867.4719848632812,
                804.765869140625
            ]
        ]
    }
}