{
    "4": {
        "position_m": {
            "x": 0.155783,
            "y": 0.20031,
            "z": 0.404419
        },
        "rotation_quat": {
            "x": -0.7346,
            "y": -0.0005,
            "z": 0.003,
            "w": 0.6785
        },
        "corners_pixel": [
            [
                1252.008056640625,
                892.7591552734375
            ],
            [
                1344.420166015625,
                892.8370361328125
            ],
            [
                1398.219970703125,
                937.3519287109375
            ],
            [
                1291.65966796875,
                936.3575439453125
            ]
        ]
    },
    "7": {
        "position_m": {
            "x": 0.05504,
            "y": 0.199887,
            "z": 0.405783
        },
        "rotation_quat": {
            "x": -0.734,
            "y": -0.0037,
            "z": 0.0016,
            "w": 0.6792
        },
        "corners_pixel": [
            [
                1064.287841796875,
                890.4624633789062
            ],
            [
                1156.75830078125,
                891.2388305664062
            ],
            [
                1184.3714599609375,
                934.8145751953125
            ],
            [
                1078.791748046875,
                934.2254028320312
            ]
        ]
    },
    "3": {
        "position_m": {
            "x": 0.056268,
            "y": 0.192436,
            "z": 0.304668
        },
        "rotation_quat": {
            "x": -0.7311,
            "y": -0.0021,
            "z": 0.0015,
            "w": 0.6823
        },
        "corners_pixel": [
            [
                1101.1820068359375,
                995.2376708984375
            ],
            [
                1224.1298828125,
                995.1499633789062
            ],
            [
                1276.0867919921875,
                1078.65673828125
            ],
            [
                1128.468505859375,
                1077.5736083984375
            ]
        ]
    },
    "8": {
        "position_m": {
            "x": -0.070442,
            "y": 0.200149,
            "z": 0.405748
        },
        "rotation_quat": {
            "x": -0.7326,
            "y": -0.0049,
            "z": 0.0034,
            "w": 0.6806
        },
        "corners_pixel": [
            [
                832.1004638671875,
                890.6373901367188
            ],
            [
                924.52197265625,
                892.5372924804688
            ],
            [
                919.5726318359375,
                935.9989013671875
            ],
            [
                813.869873046875,
                935.6469116210938
            ]
        ]
    },
    "2": {
        "position_m": {
            "x": 0.156775,
            "y": 0.208037,
            "z": 0.507061
        },
        "rotation_quat": {
            "x": -0.7309,
            "y": 0.0014,
            "z": 0.0028,
            "w": 0.6825
        },
        "corners_pixel": [
            [
                1193.9759521484375,
                828.2552490234375
            ],
            [
                1269.2078857421875,
                828.0869140625
            ],
            [
                1301.5906982421875,
                857.3081665039062
            ],
            [
                1219.839599609375,
                856.6395874023438
            ]
        ]
    },
    "1": {
        "position_m": {
            "x": 0.155668,
            "y": 0.213348,
            "z": 0.606027
        },
        "rotation_quat": {
            "x": -0.7363,
            "y": 0.0068,
            "z": 0.0266,
            "w": 0.676
        },
        "corners_pixel": [
            [
                1156.0,
                788.0
            ],
            [
                1217.0,
                788.0
            ],
            [
                1239.043212890625,
                805.5787353515625
            ],
            [
                1168.46630859375,
                803.1760864257812
            ]
        ]
    },
    "5": {
        "position_m": {
            "x": -0.071532,
            "y": 0.208567,
            "z": 0.509196
        },
        "rotation_quat": {
            "x": -0.7328,
            "y": -0.0051,
            "z": -0.0033,
            "w": 0.6805
        },
        "corners_pixel": [
            [
                857.2928466796875,
                828.1399536132812
            ],
            [
                930.0,
                828.0
            ],
            [
                928.4276123046875,
                855.406494140625
            ],
            [
                846.2825927734375,
                855.6347045898438
            ]
        ]
    },
    "6": {
        "position_m": {
            "x": -0.071661,
            "y": 0.215521,
            "z": 0.616465
        },
        "rotation_quat": {
            "x": -0.7143,
            "y": -0.0013,
            "z": -0.0032,
            "w": 0.6999
        },
        "corners_pixel": [
            [
                875.9891357421875,
                783.4614868164062
            ],
            [
                935.4359130859375,
                782.4484252929688
            ],
            [
                934.6257934570312,
                804.97216796875
            ],
            [
                867.4456787109375,
                804.6973876953125
            ]
        ]
    }
}