{
    "3": {
        "position_m": {
            "x": 0.174685,
            "y": 0.139971,
            "z": 0.358348
        },
        "rotation_quat": {
            "x": -0.5188,
            "y": -0.5116,
            "z": -0.4812,
            "w": 0.4874
        },
        "corners_pixel": [
            [
                1325.82861328125,
                814.2978515625
            ],
            [
                1283.35693359375,
                784.6312255859375
            ],
            [
                1373.0,
                786.0
            ],
            [
                1429.6187744140625,
                814.5729370117188
            ]
        ]
    },
    "6": {
        "position_m": {
            "x": -0.126675,
            "y": 0.128403,
            "z": 0.230997
        },
        "rotation_quat": {
            "x": -0.5194,
            "y": -0.5161,
            "z": -0.4799,
            "w": 0.4833
        },
        "corners_pixel": [
            [
                562.649658203125,
                936.2908325195312
            ],
            [
                635.3646240234375,
                872.3875732421875
            ],
            [
                766.2732543945312,
                873.5267944335938
            ],
            [
                721.7116088867188,
                936.4483032226562
            ]
        ]
    },
    "8": {
        "position_m": {
            "x": 0.073963,
            "y": 0.12849,
            "z": 0.229576
        },
        "rotation_quat": {
            "x": -0.5199,
            "y": -0.5215,
            "z": -0.4743,
            "w": 0.4825
        },
        "corners_pixel": [
            [
                1204.25634765625,
                938.3024291992188
            ],
            [
                1162.6177978515625,
                877.3231811523438
            ],
            [
                1294.883056640625,
                877.45947265625
            ],
            [
                1365.307373046875,
                941.6776123046875
            ]
        ]
    },
    "5": {
        "position_m": {
            "x": -0.026386,
            "y": 0.12819,
            "z": 0.22966
        },
        "rotation_quat": {
            "x": -0.5157,
            "y": -0.5206,
            "z": -0.4806,
            "w": 0.4817
        },
        "corners_pixel": [
            [
                882.1004028320312,
                937.8616943359375
            ],
            [
                896.6641235351562,
                874.216796875
            ],
            [
                1028.3309326171875,
                874.877685546875
            ],
            [
                1042.520751953125,
                938.2850952148438
            ]
        ]
    },
    "7": {
        "position_m": {
            "x": 0.073946,
            "y": 0.138656,
            "z": 0.356864
        },
        "rotation_quat": {
            "x": -0.5206,
            "y": -0.5158,
            "z": -0.4789,
            "w": 0.4833
        },
        "corners_pixel": [
            [
                1119.4710693359375,
                812.656982421875
            ],
            [
                1101.510498046875,
                784.6138916015625
            ],
            [
                1192.0,
                785.0
            ],
            [
                1222.997314453125,
                813.298095703125
            ]
        ]
    },
    "4": {
        "position_m": {
            "x": 0.077262,
            "y": 0.147615,
            "z": 0.463169
        },
        "rotation_quat": {
            "x": -0.5043,
            "y": -0.512,
            "z": -0.4919,
            "w": 0.4916
        },
        "corners_pixel": [
            [
                1089.22021484375,
                761.5946655273438
            ],
            [
                1077.78125,
                740.519287109375
            ],
            [
                1148.3277587890625,
                741.4238891601562
            ],
            [
                1169.645263671875,
                761.46044921875
            ]
        ]
    }
}