{
    "3": {
        "position_m": {
            "x": 0.174592,
            "y": 0.139944,
            "z": 0.358316
        },
        "rotation_quat": {
            "x": -0.5199,
            "y": -0.5098,
            "z": -0.4814,
            "w": 0.4879
        },
        "corners_pixel": [
            [
                1325.9224853515625,
                814.1837768554688
            ],
            [
                1283.400146484375,
                784.579833984375
            ],
            [
                1374.0,
                786.0
            ],
            [
                1429.4345703125,
                814.4619750976562
            ]
        ]
    },
    "8": {
        "position_m": {
            "x": 0.073944,
            "y": 0.128439,
            "z": 0.229567
        },
        "rotation_quat": {
            "x": -0.5198,
            "y": -0.5217,
            "z": -0.4741,
            "w": 0.4825
        },
        "corners_pixel": [
            [
                1204.1563720703125,
                938.1895751953125
            ],
            [
                1162.5418701171875,
                877.1880493164062
            ],
            [
                1294.6341552734375,
                877.3531494140625
            ],
            [
                1365.1978759765625,
                941.6105346679688
            ]
        ]
    },
    "6": {
        "position_m": {
            "x": -0.126701,
            "y": 0.12839,
            "z": 0.231052
        },
        "rotation_quat": {
            "x": -0.5193,
            "y": -0.5163,
            "z": -0.4798,
            "w": 0.4833
        },
        "corners_pixel": [
            [
                562.70849609375,
                936.14990234375
            ],
            [
                634.97216796875,
                872.5091552734375
            ],
            [
                766.1947631835938,
                873.3955078125
            ],
            [
                721.7154541015625,
                936.2807006835938
            ]
        ]
    },
    "5": {
        "position_m": {
            "x": -0.02639,
            "y": 0.128195,
            "z": 0.229681
        },
        "rotation_quat": {
            "x": -0.5159,
            "y": -0.5204,
            "z": -0.4808,
            "w": 0.4815
        },
        "corners_pixel": [
            [
                881.9969482421875,
                937.7943725585938
            ],
            [
                896.7223510742188,
                873.9463500976562
            ],
            [
                1028.3887939453125,
                874.7691040039062
            ],
            [
                1042.4903564453125,
                937.96728515625
            ]
        ]
    },
    "7": {
        "position_m": {
            "x": 0.074114,
            "y": 0.138745,
            "z": 0.357397
        },
        "rotation_quat": {
            "x": -0.5199,
            "y": -0.5182,
            "z": -0.4777,
            "w": 0.4827
        },
        "corners_pixel": [
            [
                1119.538818359375,
                812.5036010742188
            ],
            [
                1101.564697265625,
                784.5210571289062
            ],
            [
                1192.0,
                785.0
            ],
            [
                1222.991455078125,
                813.039306640625
            ]
        ]
    },
    "4": {
        "position_m": {
            "x": 0.077315,
            "y": 0.147646,
            "z": 0.463384
        },
        "rotation_quat": {
            "x": -0.5041,
            "y": -0.5118,
            "z": -0.4918,
            "w": 0.492
        },
        "corners_pixel": [
            [
                1089.081787109375,
                761.4392700195312
            ],
            [
                1077.879150390625,
                740.5000610351562
            ],
            [
                1147.8922119140625,
                741.2850952148438
            ],
            [
                1169.571044921875,
                761.3676147460938
            ]
        ]
    }
}