{
    "2": {
        "position_m": {
            "x": 0.1477,
            "y": 0.151357,
            "z": 0.331588
        },
        "rotation_quat": {
            "x": -0.5218,
            "y": 0.5174,
            "z": 0.4795,
            "w": 0.4797
        },
        "corners_pixel": [
            [
                1371.1600341796875,
                859.9472045898438
            ],
            [
                1433.40673828125,
                911.6062622070312
            ],
            [
                1295.4075927734375,
                911.44970703125
            ],
            [
                1254.3377685546875,
                859.5673828125
            ]
        ]
    },
    "4": {
        "position_m": {
            "x": 0.046398,
            "y": 0.150672,
            "z": 0.33137
        },
        "rotation_quat": {
            "x": -0.5242,
            "y": 0.5148,
            "z": 0.4797,
            "w": 0.4797
        },
        "corners_pixel": [
            [
                1133.8553466796875,
                859.0001220703125
            ],
            [
                1154.33349609375,
                909.9949951171875
            ],
            [
                1016.0863037109375,
                909.711181640625
            ],
            [
                1016.3226928710938,
                857.6629638671875
            ]
        ]
    },
    "1": {
        "position_m": {
            "x": 0.248475,
            "y": 0.152126,
            "z": 0.332523
        },
        "rotation_quat": {
            "x": -0.5206,
            "y": 0.5168,
            "z": 0.4835,
            "w": 0.4777
        },
        "corners_pixel": [
            [
                1605.7279052734375,
                860.9376831054688
            ],
            [
                1708.890869140625,
                912.8187255859375
            ],
            [
                1570.5074462890625,
                911.7788696289062
            ],
            [
                1489.12841796875,
                859.1868286132812
            ]
        ]
    },
    "3": {
        "position_m": {
            "x": -0.052646,
            "y": 0.15877,
            "z": 0.431585
        },
        "rotation_quat": {
            "x": -0.5203,
            "y": 0.5204,
            "z": 0.4797,
            "w": 0.4779
        },
        "corners_pixel": [
            [
                929.743408203125,
                791.3161010742188
            ],
            [
                917.2684326171875,
                819.6470947265625
            ],
            [
                815.2918090820312,
                819.8507080078125
            ],
            [
                840.0,
                791.0
            ]
        ]
    },
    "7": {
        "position_m": {
            "x": 0.04731,
            "y": 0.158587,
            "z": 0.43294
        },
        "rotation_quat": {
            "x": -0.5211,
            "y": 0.5165,
            "z": 0.4806,
            "w": 0.4804
        },
        "corners_pixel": [
            [
                1109.787841796875,
                790.0999755859375
            ],
            [
                1121.3795166015625,
                819.0989990234375
            ],
            [
                1019.5999145507812,
                818.6847534179688
            ],
            [
                1020.0628051757812,
                789.3392944335938
            ]
        ]
    },
    "8": {
        "position_m": {
            "x": 0.045964,
            "y": 0.168635,
            "z": 0.565186
        },
        "rotation_quat": {
            "x": -0.5066,
            "y": 0.5061,
            "z": 0.4946,
            "w": 0.4925
        },
        "corners_pixel": [
            [
                1087.6533203125,
                736.4322509765625
            ],
            [
                1094.459228515625,
                757.9266357421875
            ],
            [
                1018.0963134765625,
                756.9251708984375
            ],
            [
                1019.537109375,
                736.968505859375
            ]
        ]
    }
}