{
    "4": {
        "position_m": {
            "x": 0.046403,
            "y": 0.150693,
            "z": 0.331426
        },
        "rotation_quat": {
            "x": -0.5242,
            "y": 0.5149,
            "z": 0.4798,
            "w": 0.4796
        },
        "corners_pixel": [
            [
                1133.65625,
                858.7874755859375
            ],
            [
                1154.272216796875,
                909.6837768554688
            ],
            [
                1015.955810546875,
                909.5584716796875
            ],
            [
                1016.367919921875,
                857.5030517578125
            ]
        ]
    },
    "1": {
        "position_m": {
            "x": 0.248458,
            "y": 0.152134,
            "z": 0.332535
        },
        "rotation_quat": {
            "x": -0.5208,
            "y": 0.5163,
            "z": 0.4835,
            "w": 0.4779
        },
        "corners_pixel": [
            [
                1606.4088134765625,
                861.1871948242188
            ],
            [
                1708.715087890625,
                912.8477172851562
            ],
            [
                1570.0479736328125,
                911.6196899414062
            ],
            [
                1489.3358154296875,
                859.1860961914062
            ]
        ]
    },
    "3": {
        "position_m": {
            "x": -0.052683,
            "y": 0.158827,
            "z": 0.431739
        },
        "rotation_quat": {
            "x": -0.5206,
            "y": 0.5201,
            "z": 0.4798,
            "w": 0.4778
        },
        "corners_pixel": [
            [
                929.7009887695312,
                791.2423095703125
            ],
            [
                917.2243041992188,
                819.599609375
            ],
            [
                815.3925170898438,
                819.788818359375
            ],
            [
                840.0,
                791.0
            ]
        ]
    },
    "2": {
        "position_m": {
            "x": 0.147641,
            "y": 0.151307,
            "z": 0.331497
        },
        "rotation_quat": {
            "x": -0.5219,
            "y": 0.5172,
            "z": 0.4796,
            "w": 0.4797
        },
        "corners_pixel": [
            [
                1370.9368896484375,
                859.8167724609375
            ],
            [
                1433.561767578125,
                911.6788940429688
            ],
            [
                1295.5595703125,
                911.53955078125
            ],
            [
                1254.236083984375,
                859.4961547851562
            ]
        ]
    },
    "7": {
        "position_m": {
            "x": 0.047273,
            "y": 0.158633,
            "z": 0.432971
        },
        "rotation_quat": {
            "x": -0.5216,
            "y": 0.5163,
            "z": 0.4805,
            "w": 0.4801
        },
        "corners_pixel": [
            [
                1109.986572265625,
                790.3822631835938
            ],
            [
                1121.3814697265625,
                819.074462890625
            ],
            [
                1019.6494750976562,
                818.6582641601562
            ],
            [
                1020.2229614257812,
                788.9893188476562
            ]
        ]
    },
    "8": {
        "position_m": {
            "x": 0.045938,
            "y": 0.168686,
            "z": 0.565275
        },
        "rotation_quat": {
            "x": -0.5066,
            "y": 0.5051,
            "z": 0.4956,
            "w": 0.4925
        },
        "corners_pixel": [
            [
                1087.5115966796875,
                736.3800048828125
            ],
            [
                1094.4837646484375,
                757.6400756835938
            ],
            [
                1018.0958251953125,
                756.7939453125
            ],
            [
                1019.385986328125,
                737.072998046875
            ]
        ]
    }
}