{
    "2": {
        "position_m": {
            "x": 0.133217,
            "y": -0.421704,
            "z": 0.813236
        },
        "rotation_quat": {
            "x": -0.0114,
            "y": -0.0054,
            "z": 0.0058,
            "w": 0.9999
        },
        "corners_pixel": [
            [
                1084.757080078125,
                171.64093017578125
            ],
            [
                1129.8917236328125,
                172.0794677734375
            ],
            [
                1129.384765625,
                216.94439697265625
            ],
            [
                1084.666259765625,
                215.8614501953125
            ]
        ]
    },
    "3": {
        "position_m": {
            "x": 0.031916,
            "y": -0.223071,
            "z": 0.81536
        },
        "rotation_quat": {
            "x": 0.0038,
            "y": -0.0017,
            "z": 0.0052,
            "w": 1.0
        },
        "corners_pixel": [
            [
                993.3685913085938,
                351.1159973144531
            ],
            [
                1038.53515625,
                351.4508361816406
            ],
            [
                1037.78759765625,
                396.50213623046875
            ],
            [
                993.0462036132812,
                395.8558044433594
            ]
        ]
    },
    "8": {
        "position_m": {
            "x": -0.094802,
            "y": -0.322605,
            "z": 0.812553
        },
        "rotation_quat": {
            "x": -0.0052,
            "y": -0.0129,
            "z": 0.0008,
            "w": 0.9999
        },
        "corners_pixel": [
            [
                879.21728515625,
                260.506591796875
            ],
            [
                924.6124877929688,
                261.1330871582031
            ],
            [
                924.2412109375,
                305.7975769042969
            ],
            [
                879.3551025390625,
                305.50335693359375
            ]
        ]
    },
    "5": {
        "position_m": {
            "x": -0.095002,
            "y": -0.425736,
            "z": 0.816813
        },
        "rotation_quat": {
            "x": 0.0057,
            "y": -0.0002,
            "z": -0.0014,
            "w": 1.0
        },
        "corners_pixel": [
            [
                879.6499633789062,
                169.4562225341797
            ],
            [
                924.4019165039062,
                169.3734130859375
            ],
            [
                924.3988647460938,
                214.6179962158203
            ],
            [
                879.7591552734375,
                214.59768676757812
            ]
        ]
    },
    "1": {
        "position_m": {
            "x": 0.133437,
            "y": -0.521752,
            "z": 0.813926
        },
        "rotation_quat": {
            "x": -0.0146,
            "y": -0.004,
            "z": 0.005,
            "w": 0.9999
        },
        "corners_pixel": [
            [
                1084.8717041015625,
                81.76815032958984
            ],
            [
                1129.912353515625,
                82.37408447265625
            ],
            [
                1129.584228515625,
                126.5818862915039
            ],
            [
                1084.80029296875,
                125.95663452148438
            ]
        ]
    },
    "6": {
        "position_m": {
            "x": -0.093498,
            "y": -0.524572,
            "z": 0.814255
        },
        "rotation_quat": {
            "x": -0.0048,
            "y": -0.0015,
            "z": 0.0023,
            "w": 1.0
        },
        "corners_pixel": [
            [
                880.648193359375,
                79.52305603027344
            ],
            [
                925.7274169921875,
                79.59528350830078
            ],
            [
                925.30078125,
                124.61727142333984
            ],
            [
                880.3843383789062,
                123.94486236572266
            ]
        ]
    },
    "7": {
        "position_m": {
            "x": 0.03123,
            "y": -0.323513,
            "z": 0.814459
        },
        "rotation_quat": {
            "x": -0.0059,
            "y": -0.0113,
            "z": 0.002,
            "w": 0.9999
        },
        "corners_pixel": [
            [
                992.7920532226562,
                260.18304443359375
            ],
            [
                1037.873291015625,
                261.0837707519531
            ],
            [
                1037.5513916015625,
                305.6153869628906
            ],
            [
                992.7216186523438,
                305.3106689453125
            ]
        ]
    },
    "4": {
        "position_m": {
            "x": 0.132247,
            "y": -0.320988,
            "z": 0.814464
        },
        "rotation_quat": {
            "x": -0.0087,
            "y": -0.0024,
            "z": 0.0027,
            "w": 1.0
        },
        "corners_pixel": [
            [
                1083.610595703125,
                262.6172790527344
            ],
            [
                1128.7572021484375,
                263.11798095703125
            ],
            [
                1128.607666015625,
                307.5746765136719
            ],
            [
                1083.786865234375,
                307.4079895019531
            ]
        ]
    }
}