{
    "3": {
        "position_m": {
            "x": 0.031858,
            "y": -0.223051,
            "z": 0.815273
        },
        "rotation_quat": {
            "x": 0.0024,
            "y": -0.0008,
            "z": 0.0049,
            "w": 1.0
        },
        "corners_pixel": [
            [
                993.29052734375,
                351.0889892578125
            ],
            [
                1038.491455078125,
                351.44635009765625
            ],
            [
                1037.77734375,
                396.4654235839844
            ],
            [
                993.1078491210938,
                395.9642333984375
            ]
        ]
    },
    "7": {
        "position_m": {
            "x": 0.031177,
            "y": -0.323606,
            "z": 0.814539
        },
        "rotation_quat": {
            "x": -0.0075,
            "y": -0.0127,
            "z": 0.002,
            "w": 0.9999
        },
        "corners_pixel": [
            [
                992.7179565429688,
                260.1548767089844
            ],
            [
                1037.74658203125,
                261.0364074707031
            ],
            [
                1037.4588623046875,
                305.4651794433594
            ],
            [
                992.780029296875,
                305.0098571777344
            ]
        ]
    },
    "8": {
        "position_m": {
            "x": -0.09475,
            "y": -0.322234,
            "z": 0.811507
        },
        "rotation_quat": {
            "x": 0.0118,
            "y": -0.0155,
            "z": 0.0013,
            "w": 0.9998
        },
        "corners_pixel": [
            [
                879.0776977539062,
                260.4999084472656
            ],
            [
                924.5556640625,
                261.1905517578125
            ],
            [
                924.224609375,
                305.8421936035156
            ],
            [
                879.19970703125,
                305.5069885253906
            ]
        ]
    },
    "2": {
        "position_m": {
            "x": 0.133051,
            "y": -0.421502,
            "z": 0.812655
        },
        "rotation_quat": {
            "x": -0.0113,
            "y": -0.0066,
            "z": 0.0052,
            "w": 0.9999
        },
        "corners_pixel": [
            [
                1084.6639404296875,
                171.56796264648438
            ],
            [
                1129.7393798828125,
                171.94564819335938
            ],
            [
                1129.4586181640625,
                216.861572265625
            ],
            [
                1084.5733642578125,
                215.79507446289062
            ]
        ]
    },
    "5": {
        "position_m": {
            "x": -0.095052,
            "y": -0.425463,
            "z": 0.816227
        },
        "rotation_quat": {
            "x": 0.0048,
            "y": -0.001,
            "z": -0.0019,
            "w": 1.0
        },
        "corners_pixel": [
            [
                879.5632934570312,
                169.53662109375
            ],
            [
                924.242431640625,
                169.3743896484375
            ],
            [
                924.5556030273438,
                214.37353515625
            ],
            [
                879.7660522460938,
                214.57122802734375
            ]
        ]
    },
    "1": {
        "position_m": {
            "x": 0.133341,
            "y": -0.521727,
            "z": 0.813826
        },
        "rotation_quat": {
            "x": -0.015,
            "y": -0.004,
            "z": 0.0051,
            "w": 0.9999
        },
        "corners_pixel": [
            [
                1084.72119140625,
                81.70268249511719
            ],
            [
                1129.909423828125,
                82.37203979492188
            ],
            [
                1129.489990234375,
                126.58975982666016
            ],
            [
                1084.7196044921875,
                125.87178802490234
            ]
        ]
    },
    "6": {
        "position_m": {
            "x": -0.093634,
            "y": -0.524889,
            "z": 0.814663
        },
        "rotation_quat": {
            "x": -0.0037,
            "y": -0.0013,
            "z": 0.0022,
            "w": 1.0
        },
        "corners_pixel": [
            [
                880.5774536132812,
                79.4541015625
            ],
            [
                925.6051635742188,
                79.63024139404297
            ],
            [
                925.2606811523438,
                124.34437561035156
            ],
            [
                880.3312377929688,
                123.90313720703125
            ]
        ]
    },
    "4": {
        "position_m": {
            "x": 0.132267,
            "y": -0.321185,
            "z": 0.814686
        },
        "rotation_quat": {
            "x": -0.0075,
            "y": -0.0038,
            "z": 0.0026,
            "w": 1.0
        },
        "corners_pixel": [
            [
                1083.692138671875,
                262.4562072753906
            ],
            [
                1128.667724609375,
                262.97003173828125
            ],
            [
                1128.5076904296875,
                307.5356140136719
            ],
            [
                1083.6944580078125,
                307.4444274902344
            ]
        ]
    }
}