{
    "4": {
        "position_m": {
            "x": 0.152079,
            "y": 0.198856,
            "z": 0.388708
        },
        "rotation_quat": {
            "x": -0.7334,
            "y": -0.0061,
            "z": -0.0002,
            "w": 0.6798
        },
        "corners_pixel": [
            [
                1256.4422607421875,
                904.92041015625
            ],
            [
                1352.2197265625,
                904.9403076171875
            ],
            [
                1410.88232421875,
                953.5433349609375
            ],
            [
                1300.2642822265625,
                952.6768188476562
            ]
        ]
    },
    "3": {
        "position_m": {
            "x": 0.053241,
            "y": 0.190872,
            "z": 0.287816
        },
        "rotation_quat": {
            "x": -0.7313,
            "y": -0.0046,
            "z": -0.0005,
            "w": 0.6821
        },
        "corners_pixel": [
            [
                1101.4237060546875,
                1018.9754638671875
            ],
            [
                1231.304443359375,
                1018.5421142578125
            ],
            [
                1288.845947265625,
                1112.424560546875
            ],
            [
                1131.5343017578125,
                1111.912841796875
            ]
        ]
    },
    "8": {
        "position_m": {
            "x": -0.074064,
            "y": 0.198247,
            "z": 0.387169
        },
        "rotation_quat": {
            "x": -0.734,
            "y": -0.0076,
            "z": 0.0004,
            "w": 0.6791
        },
        "corners_pixel": [
            [
                818.7147216796875,
                904.7228393554688
            ],
            [
                915.8427124023438,
                906.2890014648438
            ],
            [
                910.1506958007812,
                953.4974365234375
            ],
            [
                798.7117919921875,
                953.9048461914062
            ]
        ]
    },
    "7": {
        "position_m": {
            "x": 0.051362,
            "y": 0.198567,
            "z": 0.389481
        },
        "rotation_quat": {
            "x": -0.7332,
            "y": -0.0062,
            "z": -0.0016,
            "w": 0.68
        },
        "corners_pixel": [
            [
                1061.3485107421875,
                903.4404296875
            ],
            [
                1157.5771484375,
                903.5830688476562
            ],
            [
                1187.453857421875,
                951.4996948242188
            ],
            [
                1077.1544189453125,
                951.3222045898438
            ]
        ]
    },
    "2": {
        "position_m": {
            "x": 0.153105,
            "y": 0.207733,
            "z": 0.493694
        },
        "rotation_quat": {
            "x": -0.7303,
            "y": -0.0022,
            "z": -0.0018,
            "w": 0.6831
        },
        "corners_pixel": [
            [
                1195.0718994140625,
                836.7301025390625
            ],
            [
                1271.1473388671875,
                836.4208984375
            ],
            [
                1306.27880859375,
                866.4390258789062
            ],
            [
                1222.144287109375,
                866.351806640625
            ]
        ]
    },
    "1": {
        "position_m": {
            "x": 0.148942,
            "y": 0.212217,
            "z": 0.58632
        },
        "rotation_quat": {
            "x": -0.7456,
            "y": 0.0078,
            "z": 0.0137,
            "w": 0.6663
        },
        "corners_pixel": [
            [
                1154.0,
                793.0
            ],
            [
                1217.0,
                793.0
            ],
            [
                1240.208740234375,
                811.5372314453125
            ],
            [
                1168.1304931640625,
                809.4439697265625
            ]
        ]
    },
    "5": {
        "position_m": {
            "x": -0.07584,
            "y": 0.206379,
            "z": 0.49038
        },
        "rotation_quat": {
            "x": -0.7323,
            "y": -0.0062,
            "z": -0.0061,
            "w": 0.6809
        },
        "corners_pixel": [
            [
                846.3375854492188,
                836.6954345703125
            ],
            [
                923.0,
                837.0
            ],
            [
                920.0933837890625,
                865.6151733398438
            ],
            [
                834.5150146484375,
                866.1976318359375
            ]
        ]
    },
    "6": {
        "position_m": {
            "x": -0.077175,
            "y": 0.21296,
            "z": 0.596635
        },
        "rotation_quat": {
            "x": -0.7133,
            "y": -0.0077,
            "z": -0.0068,
            "w": 0.7008
        },
        "corners_pixel": [
            [
                865.5953369140625,
                788.7787475585938
            ],
            [
                928.1676025390625,
                788.0856323242188
            ],
            [
                926.708740234375,
                811.7009887695312
            ],
            [
                857.5221557617188,
                811.7796630859375
            ]
        ]
    }
}