{
    "4": {
        "position_m": {
            "x": 0.152062,
            "y": 0.198715,
            "z": 0.388717
        },
        "rotation_quat": {
            "x": -0.7331,
            "y": -0.0063,
            "z": -0.0003,
            "w": 0.6801
        },
        "corners_pixel": [
            [
                1256.494873046875,
                904.7442626953125
            ],
            [
                1352.11572265625,
                904.7808227539062
            ],
            [
                1411.022705078125,
                953.5094604492188
            ],
            [
                1301.0313720703125,
                952.7978515625
            ]
        ]
    },
    "3": {
        "position_m": {
            "x": 0.053248,
            "y": 0.190829,
            "z": 0.287887
        },
        "rotation_quat": {
            "x": -0.7312,
            "y": -0.0047,
            "z": -0.0006,
            "w": 0.6822
        },
        "corners_pixel": [
            [
                1101.399658203125,
                1018.8980102539062
            ],
            [
                1231.368896484375,
                1018.5177001953125
            ],
            [
                1289.1202392578125,
                1112.273681640625
            ],
            [
                1131.6256103515625,
                1111.8179931640625
            ]
        ]
    },
    "8": {
        "position_m": {
            "x": -0.074037,
            "y": 0.198108,
            "z": 0.387086
        },
        "rotation_quat": {
            "x": -0.734,
            "y": -0.0077,
            "z": 0.0004,
            "w": 0.6791
        },
        "corners_pixel": [
            [
                818.733642578125,
                904.7119140625
            ],
            [
                915.7813720703125,
                906.3785400390625
            ],
            [
                910.1572265625,
                953.5576782226562
            ],
            [
                798.6994018554688,
                953.623046875
            ]
        ]
    },
    "7": {
        "position_m": {
            "x": 0.051388,
            "y": 0.198518,
            "z": 0.389563
        },
        "rotation_quat": {
            "x": -0.7332,
            "y": -0.0061,
            "z": -0.0016,
            "w": 0.6799
        },
        "corners_pixel": [
            [
                1061.5418701171875,
                903.4607543945312
            ],
            [
                1157.6983642578125,
                903.5650024414062
            ],
            [
                1187.52197265625,
                951.4921875
            ],
            [
                1077.2745361328125,
                951.299072265625
            ]
        ]
    },
    "2": {
        "position_m": {
            "x": 0.1531,
            "y": 0.207582,
            "z": 0.493659
        },
        "rotation_quat": {
            "x": -0.7304,
            "y": -0.0023,
            "z": -0.0017,
            "w": 0.683
        },
        "corners_pixel": [
            [
                1195.3494873046875,
                836.7808227539062
            ],
            [
                1271.28271484375,
                836.24755859375
            ],
            [
                1306.410888671875,
                866.3946533203125
            ],
            [
                1222.1253662109375,
                866.2278442382812
            ]
        ]
    },
    "1": {
        "position_m": {
            "x": 0.149127,
            "y": 0.212163,
            "z": 0.58703
        },
        "rotation_quat": {
            "x": -0.7447,
            "y": 0.0061,
            "z": 0.0141,
            "w": 0.6672
        },
        "corners_pixel": [
            [
                1154.0,
                793.0
            ],
            [
                1217.0,
                793.0
            ],
            [
                1240.1639404296875,
                811.3584594726562
            ],
            [
                1168.2498779296875,
                809.2228393554688
            ]
        ]
    },
    "5": {
        "position_m": {
            "x": -0.075831,
            "y": 0.206232,
            "z": 0.490382
        },
        "rotation_quat": {
            "x": -0.7315,
            "y": -0.0056,
            "z": -0.0068,
            "w": 0.6818
        },
        "corners_pixel": [
            [
                846.1546630859375,
                837.0029907226562
            ],
            [
                922.7379150390625,
                835.3659057617188
            ],
            [
                919.8668823242188,
                865.6997680664062
            ],
            [
                834.5379028320312,
                866.2423706054688
            ]
        ]
    },
    "6": {
        "position_m": {
            "x": -0.077189,
            "y": 0.212971,
            "z": 0.597133
        },
        "rotation_quat": {
            "x": -0.7131,
            "y": -0.0077,
            "z": -0.0065,
            "w": 0.701
        },
        "corners_pixel": [
            [
                865.5978393554688,
                788.8353881835938
            ],
            [
                928.1622924804688,
                787.8529052734375
            ],
            [
                926.7918090820312,
                811.684326171875
            ],
            [
                857.5030517578125,
                811.650390625
            ]
        ]
    }
}