{
    "3": {
        "position_m": {
            "x": 0.178865,
            "y": 0.139736,
            "z": 0.357241
        },
        "rotation_quat": {
            "x": -0.5238,
            "y": -0.5078,
            "z": -0.4756,
            "w": 0.4915
        },
        "corners_pixel": [
            [
                1335.511474609375,
                814.5044555664062
            ],
            [
                1292.823974609375,
                784.731689453125
            ],
            [
                1385.3515625,
                784.91796875
            ],
            [
                1440.20703125,
                815.4422607421875
            ]
        ]
    },
    "8": {
        "position_m": {
            "x": 0.076703,
            "y": 0.128463,
            "z": 0.22941
        },
        "rotation_quat": {
            "x": -0.5219,
            "y": -0.5184,
            "z": -0.4725,
            "w": 0.4854
        },
        "corners_pixel": [
            [
                1212.9234619140625,
                937.8974609375
            ],
            [
                1171.1824951171875,
                876.8335571289062
            ],
            [
                1303.953369140625,
                877.4666137695312
            ],
            [
                1374.7310791015625,
                942.201904296875
            ]
        ]
    },
    "6": {
        "position_m": {
            "x": -0.123872,
            "y": 0.128299,
            "z": 0.233116
        },
        "rotation_quat": {
            "x": -0.5224,
            "y": -0.5135,
            "z": -0.4767,
            "w": 0.486
        },
        "corners_pixel": [
            [
                575.46630859375,
                931.9302368164062
            ],
            [
                646.5327758789062,
                869.531005859375
            ],
            [
                776.2947998046875,
                871.0636596679688
            ],
            [
                732.4297485351562,
                932.9840698242188
            ]
        ]
    },
    "5": {
        "position_m": {
            "x": -0.023618,
            "y": 0.128228,
            "z": 0.230756
        },
        "rotation_quat": {
            "x": -0.5183,
            "y": -0.5173,
            "z": -0.4781,
            "w": 0.485
        },
        "corners_pixel": [
            [
                891.4086303710938,
                935.809326171875
            ],
            [
                905.8566284179688,
                871.7900390625
            ],
            [
                1036.9085693359375,
                873.8278198242188
            ],
            [
                1050.9300537109375,
                936.7958984375
            ]
        ]
    },
    "7": {
        "position_m": {
            "x": 0.078302,
            "y": 0.13858,
            "z": 0.357185
        },
        "rotation_quat": {
            "x": -0.5229,
            "y": -0.5152,
            "z": -0.4748,
            "w": 0.4855
        },
        "corners_pixel": [
            [
                1128.234619140625,
                812.1261596679688
            ],
            [
                1109.997314453125,
                784.129638671875
            ],
            [
                1201.0,
                785.0
            ],
            [
                1231.7613525390625,
                813.1598510742188
            ]
        ]
    },
    "4": {
        "position_m": {
            "x": 0.082846,
            "y": 0.147479,
            "z": 0.463797
        },
        "rotation_quat": {
            "x": -0.5059,
            "y": -0.5104,
            "z": -0.4889,
            "w": 0.4945
        },
        "corners_pixel": [
            [
                1097.693359375,
                760.8468627929688
            ],
            [
                1086.2103271484375,
                739.6636962890625
            ],
            [
                1156.427490234375,
                741.2220458984375
            ],
            [
                1178.2208251953125,
                760.9614868164062
            ]
        ]
    }
}