{
    "3": {
        "position_m": {
            "x": 0.179012,
            "y": 0.140022,
            "z": 0.357163
        },
        "rotation_quat": {
            "x": -0.5219,
            "y": -0.5078,
            "z": -0.4785,
            "w": 0.4907
        },
        "corners_pixel": [
            [
                1335.8067626953125,
                814.9888916015625
            ],
            [
                1293.1475830078125,
                785.3358764648438
            ],
            [
                1386.48291015625,
                785.4411010742188
            ],
            [
                1440.9332275390625,
                816.133544921875
            ]
        ]
    },
    "8": {
        "position_m": {
            "x": 0.076697,
            "y": 0.12854,
            "z": 0.229347
        },
        "rotation_quat": {
            "x": -0.5224,
            "y": -0.5185,
            "z": -0.4723,
            "w": 0.4849
        },
        "corners_pixel": [
            [
                1213.2047119140625,
                938.8026123046875
            ],
            [
                1171.2147216796875,
                877.4627075195312
            ],
            [
                1303.8826904296875,
                878.0048828125
            ],
            [
                1375.31396484375,
                942.7726440429688
            ]
        ]
    },
    "6": {
        "position_m": {
            "x": -0.123833,
            "y": 0.128407,
            "z": 0.233025
        },
        "rotation_quat": {
            "x": -0.5228,
            "y": -0.5132,
            "z": -0.4768,
            "w": 0.4858
        },
        "corners_pixel": [
            [
                575.3064575195312,
                932.6497192382812
            ],
            [
                646.840087890625,
                870.02685546875
            ],
            [
                776.2566528320312,
                871.5822143554688
            ],
            [
                732.25244140625,
                933.641845703125
            ]
        ]
    },
    "5": {
        "position_m": {
            "x": -0.02361,
            "y": 0.128359,
            "z": 0.23077
        },
        "rotation_quat": {
            "x": -0.5183,
            "y": -0.5174,
            "z": -0.4781,
            "w": 0.4848
        },
        "corners_pixel": [
            [
                891.3310546875,
                936.476318359375
            ],
            [
                905.7539672851562,
                872.7190551757812
            ],
            [
                1037.075927734375,
                874.4330444335938
            ],
            [
                1051.02001953125,
                937.6720581054688
            ]
        ]
    },
    "7": {
        "position_m": {
            "x": 0.078534,
            "y": 0.139075,
            "z": 0.357851
        },
        "rotation_quat": {
            "x": -0.5219,
            "y": -0.5141,
            "z": -0.4775,
            "w": 0.4852
        },
        "corners_pixel": [
            [
                1128.3927001953125,
                812.6932983398438
            ],
            [
                1110.13671875,
                784.3997802734375
            ],
            [
                1200.0,
                785.0
            ],
            [
                1232.11474609375,
                813.4058227539062
            ]
        ]
    },
    "4": {
        "position_m": {
            "x": 0.083019,
            "y": 0.147972,
            "z": 0.464402
        },
        "rotation_quat": {
            "x": -0.5067,
            "y": -0.5096,
            "z": -0.4891,
            "w": 0.4944
        },
        "corners_pixel": [
            [
                1097.6844482421875,
                761.4797973632812
            ],
            [
                1086.5894775390625,
                740.3410034179688
            ],
            [
                1156.80712890625,
                741.6591796875
            ],
            [
                1178.4481201171875,
                761.5762939453125
            ]
        ]
    }
}