{
    "4": {
        "position_m": {
            "x": 0.046422,
            "y": 0.15068,
            "z": 0.331474
        },
        "rotation_quat": {
            "x": -0.5241,
            "y": 0.5146,
            "z": 0.4799,
            "w": 0.4798
        },
        "corners_pixel": [
            [
                1133.6044921875,
                858.640380859375
            ],
            [
                1154.4736328125,
                909.9622802734375
            ],
            [
                1016.144775390625,
                909.630859375
            ],
            [
                1016.4188232421875,
                857.4743041992188
            ]
        ]
    },
    "1": {
        "position_m": {
            "x": 0.248324,
            "y": 0.15206,
            "z": 0.332273
        },
        "rotation_quat": {
            "x": -0.5212,
            "y": 0.5165,
            "z": 0.4837,
            "w": 0.4771
        },
        "corners_pixel": [
            [
                1606.17333984375,
                861.0473022460938
            ],
            [
                1708.544921875,
                912.76171875
            ],
            [
                1570.63818359375,
                911.4915161132812
            ],
            [
                1489.5177001953125,
                859.32275390625
            ]
        ]
    },
    "3": {
        "position_m": {
            "x": -0.052675,
            "y": 0.15881,
            "z": 0.431864
        },
        "rotation_quat": {
            "x": -0.5205,
            "y": 0.5188,
            "z": 0.4812,
            "w": 0.4779
        },
        "corners_pixel": [
            [
                929.7456665039062,
                791.2722778320312
            ],
            [
                917.3355102539062,
                819.6188354492188
            ],
            [
                815.4214477539062,
                819.8546142578125
            ],
            [
                839.841064453125,
                790.0601196289062
            ]
        ]
    },
    "2": {
        "position_m": {
            "x": 0.147801,
            "y": 0.151448,
            "z": 0.331871
        },
        "rotation_quat": {
            "x": -0.5218,
            "y": 0.5172,
            "z": 0.4794,
            "w": 0.48
        },
        "corners_pixel": [
            [
                1371.0330810546875,
                859.8108520507812
            ],
            [
                1433.5361328125,
                911.6939086914062
            ],
            [
                1295.5155029296875,
                911.4234008789062
            ],
            [
                1254.4881591796875,
                859.622314453125
            ]
        ]
    },
    "7": {
        "position_m": {
            "x": 0.047285,
            "y": 0.15896,
            "z": 0.433545
        },
        "rotation_quat": {
            "x": -0.5226,
            "y": 0.5165,
            "z": 0.4797,
            "w": 0.4796
        },
        "corners_pixel": [
            [
                1109.85595703125,
                790.0675659179688
            ],
            [
                1121.4874267578125,
                819.0711059570312
            ],
            [
                1019.7020263671875,
                818.662353515625
            ],
            [
                1019.9664306640625,
                789.526611328125
            ]
        ]
    },
    "8": {
        "position_m": {
            "x": 0.04598,
            "y": 0.168721,
            "z": 0.565535
        },
        "rotation_quat": {
            "x": -0.5069,
            "y": 0.5058,
            "z": 0.495,
            "w": 0.4922
        },
        "corners_pixel": [
            [
                1087.4287109375,
                736.4097290039062
            ],
            [
                1094.49169921875,
                757.7303466796875
            ],
            [
                1018.2514038085938,
                756.7650146484375
            ],
            [
                1019.5576782226562,
                737.2249145507812
            ]
        ]
    }
}