{
    "4": {
        "position_m": {
            "x": 0.046411,
            "y": 0.150696,
            "z": 0.331507
        },
        "rotation_quat": {
            "x": -0.5241,
            "y": 0.5147,
            "z": 0.4799,
            "w": 0.4797
        },
        "corners_pixel": [
            [
                1133.8045654296875,
                858.8153076171875
            ],
            [
                1154.404296875,
                910.0985717773438
            ],
            [
                1016.1539916992188,
                909.5970458984375
            ],
            [
                1016.3599853515625,
                857.4881591796875
            ]
        ]
    },
    "1": {
        "position_m": {
            "x": 0.248497,
            "y": 0.152215,
            "z": 0.332579
        },
        "rotation_quat": {
            "x": -0.5211,
            "y": 0.5164,
            "z": 0.4836,
            "w": 0.4774
        },
        "corners_pixel": [
            [
                1606.2757568359375,
                861.1925048828125
            ],
            [
                1708.96337890625,
                913.1595458984375
            ],
            [
                1570.599853515625,
                911.7034912109375
            ],
            [
                1489.3160400390625,
                859.227294921875
            ]
        ]
    },
    "3": {
        "position_m": {
            "x": -0.052651,
            "y": 0.15879,
            "z": 0.431656
        },
        "rotation_quat": {
            "x": -0.5204,
            "y": 0.5203,
            "z": 0.4799,
            "w": 0.4778
        },
        "corners_pixel": [
            [
                929.7183837890625,
                791.3099975585938
            ],
            [
                917.2594604492188,
                819.7044067382812
            ],
            [
                815.34228515625,
                819.8353271484375
            ],
            [
                839.7327270507812,
                790.0482177734375
            ]
        ]
    },
    "2": {
        "position_m": {
            "x": 0.147686,
            "y": 0.151331,
            "z": 0.331614
        },
        "rotation_quat": {
            "x": -0.5218,
            "y": 0.5171,
            "z": 0.4796,
            "w": 0.4799
        },
        "corners_pixel": [
            [
                1371.1849365234375,
                859.8798217773438
            ],
            [
                1433.53955078125,
                911.73291015625
            ],
            [
                1295.37939453125,
                911.4774780273438
            ],
            [
                1254.3182373046875,
                859.5010375976562
            ]
        ]
    },
    "7": {
        "position_m": {
            "x": 0.047256,
            "y": 0.158823,
            "z": 0.433204
        },
        "rotation_quat": {
            "x": -0.5226,
            "y": 0.5162,
            "z": 0.4802,
            "w": 0.4794
        },
        "corners_pixel": [
            [
                1109.908935546875,
                790.1914672851562
            ],
            [
                1121.44970703125,
                819.1309814453125
            ],
            [
                1019.5827026367188,
                818.5348510742188
            ],
            [
                1019.9227905273438,
                789.4008178710938
            ]
        ]
    },
    "8": {
        "position_m": {
            "x": 0.045955,
            "y": 0.168679,
            "z": 0.565387
        },
        "rotation_quat": {
            "x": -0.5069,
            "y": 0.5059,
            "z": 0.495,
            "w": 0.4921
        },
        "corners_pixel": [
            [
                1087.4271240234375,
                736.53271484375
            ],
            [
                1094.4825439453125,
                757.8121948242188
            ],
            [
                1017.9776611328125,
                756.8197631835938
            ],
            [
                1019.7538452148438,
                736.7852783203125
            ]
        ]
    }
}