{
    "8": {
        "position_m": {
            "x": -0.099295,
            "y": -0.305069,
            "z": 0.813518
        },
        "rotation_quat": {
            "x": -0.0102,
            "y": -0.0131,
            "z": -0.0037,
            "w": 0.9999
        },
        "corners_pixel": [
            [
                875.265869140625,
                276.58209228515625
            ],
            [
                920.4716186523438,
                276.8184509277344
            ],
            [
                920.622314453125,
                321.3329772949219
            ],
            [
                875.6573486328125,
                321.50140380859375
            ]
        ]
    },
    "7": {
        "position_m": {
            "x": 0.026734,
            "y": -0.306182,
            "z": 0.812421
        },
        "rotation_quat": {
            "x": 0.001,
            "y": -0.0133,
            "z": -0.0039,
            "w": 0.9999
        },
        "corners_pixel": [
            [
                988.8165283203125,
                275.2201232910156
            ],
            [
                1033.9012451171875,
                275.38543701171875
            ],
            [
                1034.126953125,
                320.3526916503906
            ],
            [
                989.3093872070312,
                320.4405822753906
            ]
        ]
    },
    "4": {
        "position_m": {
            "x": 0.1282,
            "y": -0.305943,
            "z": 0.816923
        },
        "rotation_quat": {
            "x": -0.009,
            "y": -0.0024,
            "z": -0.0037,
            "w": 0.9999
        },
        "corners_pixel": [
            [
                1079.6015625,
                277.1233825683594
            ],
            [
                1124.63525390625,
                276.7261657714844
            ],
            [
                1125.142578125,
                321.4173889160156
            ],
            [
                1080.3682861328125,
                321.4614562988281
            ]
        ]
    },
    "3": {
        "position_m": {
            "x": 0.028433,
            "y": -0.20647,
            "z": 0.816441
        },
        "rotation_quat": {
            "x": 0.0132,
            "y": 0.0058,
            "z": 0.001,
            "w": 0.9999
        },
        "corners_pixel": [
            [
                990.2178955078125,
                366.1147155761719
            ],
            [
                1035.2105712890625,
                366.2561340332031
            ],
            [
                1035.1544189453125,
                410.8768310546875
            ],
            [
                990.278076171875,
                410.8669128417969
            ]
        ]
    },
    "5": {
        "position_m": {
            "x": -0.100269,
            "y": -0.406086,
            "z": 0.81333
        },
        "rotation_quat": {
            "x": -0.0013,
            "y": -0.004,
            "z": -0.0099,
            "w": 0.9999
        },
        "corners_pixel": [
            [
                874.4749755859375,
                185.58419799804688
            ],
            [
                919.5594482421875,
                184.98118591308594
            ],
            [
                920.363525390625,
                229.78443908691406
            ],
            [
                875.4401245117188,
                230.61354064941406
            ]
        ]
    },
    "1": {
        "position_m": {
            "x": 0.127806,
            "y": -0.507616,
            "z": 0.81624
        },
        "rotation_quat": {
            "x": -0.0118,
            "y": -0.002,
            "z": 0.001,
            "w": 0.9999
        },
        "corners_pixel": [
            [
                1079.5048828125,
                95.75565338134766
            ],
            [
                1124.35595703125,
                95.96509552001953
            ],
            [
                1124.4296875,
                140.28001403808594
            ],
            [
                1079.643310546875,
                140.18801879882812
            ]
        ]
    },
    "6": {
        "position_m": {
            "x": -0.09961,
            "y": -0.506488,
            "z": 0.813604
        },
        "rotation_quat": {
            "x": -0.008,
            "y": 0.0004,
            "z": -0.0034,
            "w": 1.0
        },
        "corners_pixel": [
            [
                875.1325073242188,
                95.32012176513672
            ],
            [
                920.2185668945312,
                94.93684387207031
            ],
            [
                920.2405395507812,
                139.60775756835938
            ],
            [
                875.3726196289062,
                139.83164978027344
            ]
        ]
    },
    "2": {
        "position_m": {
            "x": 0.128675,
            "y": -0.407756,
            "z": 0.816576
        },
        "rotation_quat": {
            "x": -0.0015,
            "y": -0.0044,
            "z": 0.0002,
            "w": 1.0
        },
        "corners_pixel": [
            [
                1079.89306640625,
                185.52581787109375
            ],
            [
                1125.1884765625,
                185.74867248535156
            ],
            [
                1124.8087158203125,
                230.59983825683594
            ],
            [
                1080.4534912109375,
                230.33753967285156
            ]
        ]
    }
}