{
    "8": {
        "position_m": {
            "x": -0.099218,
            "y": -0.304856,
            "z": 0.812926
        },
        "rotation_quat": {
            "x": -0.0104,
            "y": -0.0133,
            "z": -0.0038,
            "w": 0.9999
        },
        "corners_pixel": [
            [
                875.2974853515625,
                276.5966796875
            ],
            [
                920.5110473632812,
                276.8372802734375
            ],
            [
                920.697998046875,
                321.3691711425781
            ],
            [
                875.586669921875,
                321.51318359375
            ]
        ]
    },
    "7": {
        "position_m": {
            "x": 0.026694,
            "y": -0.305624,
            "z": 0.811031
        },
        "rotation_quat": {
            "x": 0.0436,
            "y": -0.0025,
            "z": -0.003,
            "w": 0.999
        },
        "corners_pixel": [
            [
                988.807861328125,
                275.2353210449219
            ],
            [
                1033.94287109375,
                275.4334411621094
            ],
            [
                1034.1370849609375,
                320.4624328613281
            ],
            [
                989.3533935546875,
                320.4792175292969
            ]
        ]
    },
    "3": {
        "position_m": {
            "x": 0.028513,
            "y": -0.206646,
            "z": 0.817111
        },
        "rotation_quat": {
            "x": -0.0067,
            "y": -0.0014,
            "z": 0.0011,
            "w": 1.0
        },
        "corners_pixel": [
            [
                990.2896118164062,
                366.2610168457031
            ],
            [
                1035.2862548828125,
                366.2570495605469
            ],
            [
                1035.0390625,
                411.02166748046875
            ],
            [
                990.3030395507812,
                410.7829895019531
            ]
        ]
    },
    "4": {
        "position_m": {
            "x": 0.128372,
            "y": -0.306118,
            "z": 0.817586
        },
        "rotation_quat": {
            "x": -0.0085,
            "y": -0.0018,
            "z": -0.0033,
            "w": 1.0
        },
        "corners_pixel": [
            [
                1079.703125,
                277.12469482421875
            ],
            [
                1124.620849609375,
                276.85260009765625
            ],
            [
                1124.957763671875,
                321.5257568359375
            ],
            [
                1080.3560791015625,
                321.5823059082031
            ]
        ]
    },
    "5": {
        "position_m": {
            "x": -0.100191,
            "y": -0.405928,
            "z": 0.813137
        },
        "rotation_quat": {
            "x": -0.0029,
            "y": -0.0031,
            "z": -0.0098,
            "w": 0.9999
        },
        "corners_pixel": [
            [
                874.4608154296875,
                185.61044311523438
            ],
            [
                919.5675659179688,
                185.0336456298828
            ],
            [
                920.419677734375,
                229.8055419921875
            ],
            [
                875.39453125,
                230.61158752441406
            ]
        ]
    },
    "1": {
        "position_m": {
            "x": 0.12792,
            "y": -0.507682,
            "z": 0.816475
        },
        "rotation_quat": {
            "x": -0.0122,
            "y": -0.0014,
            "z": 0.0014,
            "w": 0.9999
        },
        "corners_pixel": [
            [
                1079.5543212890625,
                95.87125396728516
            ],
            [
                1124.3392333984375,
                96.06560516357422
            ],
            [
                1124.4674072265625,
                140.2020263671875
            ],
            [
                1079.6402587890625,
                140.16201782226562
            ]
        ]
    },
    "6": {
        "position_m": {
            "x": -0.09953,
            "y": -0.506559,
            "z": 0.813707
        },
        "rotation_quat": {
            "x": -0.0078,
            "y": 0.0003,
            "z": -0.0029,
            "w": 1.0
        },
        "corners_pixel": [
            [
                875.027587890625,
                95.40538787841797
            ],
            [
                920.3009643554688,
                95.13444519042969
            ],
            [
                920.3426513671875,
                139.7109375
            ],
            [
                875.4189453125,
                139.9027557373047
            ]
        ]
    },
    "2": {
        "position_m": {
            "x": 0.128737,
            "y": -0.407676,
            "z": 0.81651
        },
        "rotation_quat": {
            "x": -0.0019,
            "y": -0.0038,
            "z": 0.0004,
            "w": 1.0
        },
        "corners_pixel": [
            [
                1080.1094970703125,
                185.69210815429688
            ],
            [
                1125.184814453125,
                185.74658203125
            ],
            [
                1124.924072265625,
                230.72171020507812
            ],
            [
                1080.4088134765625,
                230.2250213623047
            ]
        ]
    }
}