{
    "camera_matrix": [
        [
            750.9852294921875,
            0.0,
            962.4169921875
        ],
        [
            0.0,
            750.9852294921875,
            520.6409301757812
        ],
        [
            0.0,
            0.0,
            1.0
        ]
    ],
    "distortion_coeffs": [
        0.0,
        0.0,
        0.0,
        0.0,
        0.0,
        0.0,
        0.0,
        0.0,
        0.0,
        0.0,
        0.0,
        0.0
    ]
}