{
    "camera_matrix": [
        [
            736.736328125,
            0.0,
            966.7340698242188
        ],
        [
            0.0,
            736.736328125,
            526.4171752929688
        ],
        [
            0.0,
            0.0,
            1.0
        ]
    ],
    "distortion_coeffs": [
        0.0,
        0.0,
        0.0,
        0.0,
        0.0,
        0.0,
        0.0,
        0.0,
        0.0,
        0.0,
        0.0,
        0.0
    ]
}