{
    "camera_matrix": [
        [
            778.1979370117188,
            0.0,
            1024.742431640625
        ],
        [
            0.0,
            778.1979370117188,
            504.67047119140625
        ],
        [
            0.0,
            0.0,
            1.0
        ]
    ],
    "distortion_coeffs": [
        0.0,
        0.0,
        0.0,
        0.0,
        0.0,
        0.0,
        0.0,
        0.0,
        0.0,
        0.0,
        0.0,
        0.0
    ]
}