{
    "camera_matrix": [
        [
            733.142333984375,
            0.0,
            964.7560424804688
        ],
        [
            0.0,
            733.142333984375,
            551.4047241210938
        ],
        [
            0.0,
            0.0,
            1.0
        ]
    ],
    "distortion_coeffs": [
        0.0,
        0.0,
        0.0,
        0.0,
        0.0,
        0.0,
        0.0,
        0.0,
        0.0,
        0.0,
        0.0,
        0.0
    ]
}