{
    "4": {
        "position_m": {
            "x": 0.15212333333333333,
            "y": 0.19882333333333335,
            "z": 0.38872599999999996
        },
        "rotation_quat": {
            "x": 0.7333224823290154,
            "y": 0.0060335166294474,
            "z": 0.00016667065725494248,
            "w": -0.67985417981269
        },
        "corners_pixel": [
            [
                1256.6168212890625,
                904.9351806640625
            ],
            [
                1352.29345703125,
                904.82275390625
            ],
            [
                1410.781005859375,
                953.419921875
            ],
            [
                1300.2156982421875,
                952.5899658203125
            ]
        ]
    },
    "8": {
        "position_m": {
            "x": -0.07399266666666666,
            "y": 0.19848233333333334,
            "z": 0.3873493333333333
        },
        "rotation_quat": {
            "x": 0.7338971496514858,
            "y": 0.006333275638783942,
            "z": 0.000733357901600229,
            "w": -0.6792306865412487
        },
        "corners_pixel": [
            [
                819.1778564453125,
                905.8994140625
            ],
            [
                916.14892578125,
                906.0868530273438
            ],
            [
                910.4013061523438,
                953.5928955078125
            ],
            [
                799.135986328125,
                954.2586059570312
            ]
        ]
    },
    "3": {
        "position_m": {
            "x": 0.053263666666666674,
            "y": 0.190866,
            "z": 0.2878076666666667
        },
        "rotation_quat": {
            "x": 0.7313020158975005,
            "y": 0.004666466893072929,
            "z": 0.0006999698164557487,
            "w": -0.6820374591422703
        },
        "corners_pixel": [
            [
                1101.4530029296875,
                1018.6674194335938
            ],
            [
                1231.2066650390625,
                1018.29345703125
            ],
            [
                1288.870361328125,
                1112.01513671875
            ],
            [
                1131.701171875,
                1111.7816162109375
            ]
        ]
    },
    "7": {
        "position_m": {
            "x": 0.05140566666666666,
            "y": 0.198591,
            "z": 0.3895146666666667
        },
        "rotation_quat": {
            "x": 0.7332238001653052,
            "y": 0.0060999208396246285,
            "z": 0.0017333107051182729,
            "w": -0.6799578262443183
        },
        "corners_pixel": [
            [
                1061.4647216796875,
                903.4942626953125
            ],
            [
                1157.6566162109375,
                903.5428466796875
            ],
            [
                1187.4278564453125,
                951.3259887695312
            ],
            [
                1077.190673828125,
                951.22509765625
            ]
        ]
    },
    "2": {
        "position_m": {
            "x": 0.15308733333333333,
            "y": 0.20764566666666665,
            "z": 0.493549
        },
        "rotation_quat": {
            "x": 0.7306324286051218,
            "y": 0.002100000202292729,
            "z": 0.0016333340524578512,
            "w": -0.6827658284431093
        },
        "corners_pixel": [
            [
                1195.2156982421875,
                836.6102294921875
            ],
            [
                1271.198974609375,
                836.10546875
            ],
            [
                1306.3267822265625,
                866.3511352539062
            ],
            [
                1222.0712890625,
                866.25634765625
            ]
        ]
    },
    "1": {
        "position_m": {
            "x": 0.14897666666666667,
            "y": 0.21225166666666664,
            "z": 0.5863923333333333
        },
        "rotation_quat": {
            "x": 0.7457794417576462,
            "y": -0.007466455108980474,
            "z": -0.013466291377899172,
            "w": -0.6660149662704921
        },
        "corners_pixel": [
            [
                1154.0,
                793.0
            ],
            [
                1217.0,
                793.0
            ],
            [
                1240.1378173828125,
                811.4747314453125
            ],
            [
                1168.24951171875,
                809.17578125
            ]
        ]
    },
    "5": {
        "position_m": {
            "x": -0.075805,
            "y": 0.20635266666666666,
            "z": 0.4902936666666666
        },
        "rotation_quat": {
            "x": 0.7318619648668284,
            "y": 0.00579996761946322,
            "z": 0.006666617064325907,
            "w": -0.6813956126757763
        },
        "corners_pixel": [
            [
                846.3836669921875,
                836.767578125
            ],
            [
                922.97900390625,
                834.992431640625
            ],
            [
                920.0078735351562,
                865.7352905273438
            ],
            [
                834.7110595703125,
                866.2012329101562
            ]
        ]
    },
    "6": {
        "position_m": {
            "x": -0.07710566666666667,
            "y": 0.21288233333333337,
            "z": 0.596376
        },
        "rotation_quat": {
            "x": 0.7133906682296527,
            "y": 0.007766564741390036,
            "z": 0.0067665786219737005,
            "w": -0.7006908365097406
        },
        "corners_pixel": [
            [
                865.56591796875,
                788.768798828125
            ],
            [
                927.8546142578125,
                787.930908203125
            ],
            [
                926.96826171875,
                811.7633056640625
            ],
            [
                857.5895385742188,
                811.8053588867188
            ]
        ]
    }
}