{
    "4": {
        "position_m": {
            "x": 0.155752,
            "y": 0.20018033333333332,
            "z": 0.40429066666666663
        },
        "rotation_quat": {
            "x": 0.7344049596453355,
            "y": 0.0006666702383461932,
            "z": -0.003000020457480783,
            "w": -0.678704582772491
        },
        "corners_pixel": [
            [
                1252.05517578125,
                892.8014526367188
            ],
            [
                1344.6268310546875,
                893.0701904296875
            ],
            [
                1398.567138671875,
                937.4213256835938
            ],
            [
                1291.7847900390625,
                936.2352905273438
            ]
        ]
    },
    "3": {
        "position_m": {
            "x": 0.05629533333333333,
            "y": 0.192397,
            "z": 0.30463666666666667
        },
        "rotation_quat": {
            "x": 0.7311974324264352,
            "y": 0.0017667405082639675,
            "z": -0.0014667278851393042,
            "w": -0.6821620351135617
        },
        "corners_pixel": [
            [
                1101.249267578125,
                995.146728515625
            ],
            [
                1224.4404296875,
                995.2740478515625
            ],
            [
                1275.961181640625,
                1078.5753173828125
            ],
            [
                1128.4986572265625,
                1077.4947509765625
            ]
        ]
    },
    "7": {
        "position_m": {
            "x": 0.05509633333333333,
            "y": 0.19992699999999997,
            "z": 0.40593266666666666
        },
        "rotation_quat": {
            "x": 0.7338425890823481,
            "y": 0.003600045409462846,
            "z": -0.001400015404150187,
            "w": -0.6793085705913284
        },
        "corners_pixel": [
            [
                1064.3817138671875,
                890.4384765625
            ],
            [
                1156.7373046875,
                891.0889282226562
            ],
            [
                1184.33935546875,
                934.7496948242188
            ],
            [
                1079.0465087890625,
                934.1444702148438
            ]
        ]
    },
    "2": {
        "position_m": {
            "x": 0.15632933333333332,
            "y": 0.20742366666666667,
            "z": 0.5056506666666666
        },
        "rotation_quat": {
            "x": -0.6845615406602346,
            "y": 0.01667739554745297,
            "z": -0.014242651556399805,
            "w": 0.728625080822286
        },
        "corners_pixel": [
            [
                1194.421875,
                829.2034912109375
            ],
            [
                1269.3336181640625,
                828.0068969726562
            ],
            [
                1301.550537109375,
                857.2623291015625
            ],
            [
                1219.5234375,
                856.5223999023438
            ]
        ]
    },
    "8": {
        "position_m": {
            "x": -0.07042533333333334,
            "y": 0.200138,
            "z": 0.40575866666666666
        },
        "rotation_quat": {
            "x": 0.7325682315859314,
            "y": 0.0048333429685281535,
            "z": -0.003366669900193065,
            "w": -0.6806681205996011
        },
        "corners_pixel": [
            [
                832.2589721679688,
                890.5731201171875
            ],
            [
                924.5457153320312,
                892.550048828125
            ],
            [
                919.5736083984375,
                936.0242919921875
            ],
            [
                813.9075317382812,
                935.7291870117188
            ]
        ]
    },
    "1": {
        "position_m": {
            "x": 0.15516066666666667,
            "y": 0.21276066666666668,
            "z": 0.604642
        },
        "rotation_quat": {
            "x": 0.7364038378473526,
            "y": -0.005766430279237223,
            "z": -0.026298962436402812,
            "w": -0.676006287293464
        },
        "corners_pixel": [
            [
                1155.9598388671875,
                782.7286376953125
            ],
            [
                1217.0,
                788.0
            ],
            [
                1239.1590576171875,
                805.5415649414062
            ],
            [
                1168.4443359375,
                803.0567016601562
            ]
        ]
    },
    "5": {
        "position_m": {
            "x": -0.07132433333333332,
            "y": 0.208114,
            "z": 0.5081763333333333
        },
        "rotation_quat": {
            "x": 0.7329076621209492,
            "y": 0.004333382424388526,
            "z": 0.0031333657770735625,
            "w": -0.680307109047139
        },
        "corners_pixel": [
            [
                857.2753295898438,
                828.22802734375
            ],
            [
                931.0,
                828.0
            ],
            [
                928.456298828125,
                855.41015625
            ],
            [
                846.3165283203125,
                855.6478271484375
            ]
        ]
    },
    "6": {
        "position_m": {
            "x": -0.07166666666666667,
            "y": 0.21544166666666664,
            "z": 0.6162316666666667
        },
        "rotation_quat": {
            "x": 0.7145126253843842,
            "y": 0.0018333657466859487,
            "z": 0.0033000584073712472,
            "w": -0.6996123616338278
        },
        "corners_pixel": [
            [
                875.5219116210938,
                783.6373291015625
            ],
            [
                935.2357788085938,
                782.5259399414062
            ],
            [
                934.4962768554688,
                805.3292236328125
            ],
            [
                867.4338989257812,
                804.5677490234375
            ]
        ]
    }
}