{
    "4": {
        "position_m": {
            "x": 0.15581466666666666,
            "y": 0.20022500000000001,
            "z": 0.4043906666666666
        },
        "rotation_quat": {
            "x": 0.7344521902619099,
            "y": 0.0011333041918755171,
            "z": -0.002899943358954563,
            "w": -0.6786532886309526
        },
        "corners_pixel": [
            [
                1251.870849609375,
                892.7660522460938
            ],
            [
                1344.3111572265625,
                892.8370361328125
            ],
            [
                1398.511474609375,
                937.4688720703125
            ],
            [
                1292.2333984375,
                936.4794311523438
            ]
        ]
    },
    "7": {
        "position_m": {
            "x": 0.05508966666666667,
            "y": 0.19990333333333332,
            "z": 0.40588833333333335
        },
        "rotation_quat": {
            "x": 0.7338262156946943,
            "y": 0.003533300754904211,
            "z": -0.0013333186212479732,
            "w": -0.6793267425962514
        },
        "corners_pixel": [
            [
                1064.3123779296875,
                890.5805053710938
            ],
            [
                1156.7330322265625,
                891.1620483398438
            ],
            [
                1184.360595703125,
                934.782470703125
            ],
            [
                1078.8707275390625,
                934.33154296875
            ]
        ]
    },
    "3": {
        "position_m": {
            "x": 0.056303,
            "y": 0.19239333333333333,
            "z": 0.30464033333333335
        },
        "rotation_quat": {
            "x": 0.7311318324290399,
            "y": 0.001966664067438617,
            "z": -0.0014000013920437296,
            "w": -0.6822319369814802
        },
        "corners_pixel": [
            [
                1101.227294921875,
                995.2778930664062
            ],
            [
                1224.3321533203125,
                995.3804931640625
            ],
            [
                1275.779541015625,
                1078.5582275390625
            ],
            [
                1128.354248046875,
                1077.483642578125
            ]
        ]
    },
    "2": {
        "position_m": {
            "x": 0.15689133333333333,
            "y": 0.20808933333333335,
            "z": 0.507238
        },
        "rotation_quat": {
            "x": 0.7262528978049133,
            "y": -0.00336674100429346,
            "z": -0.0011333780008425849,
            "w": -0.6874184380268566
        },
        "corners_pixel": [
            [
                1194.2999267578125,
                829.0406494140625
            ],
            [
                1269.248779296875,
                828.1031494140625
            ],
            [
                1301.6417236328125,
                857.269287109375
            ],
            [
                1219.639404296875,
                856.533203125
            ]
        ]
    },
    "8": {
        "position_m": {
            "x": -0.07040999999999999,
            "y": 0.20013433333333333,
            "z": 0.40572633333333324
        },
        "rotation_quat": {
            "x": 0.732600456872238,
            "y": 0.004833337635848478,
            "z": -0.0033000059891539284,
            "w": -0.6806337630461464
        },
        "corners_pixel": [
            [
                832.0494384765625,
                890.5103149414062
            ],
            [
                924.4697875976562,
                892.4259033203125
            ],
            [
                919.5430297851562,
                935.9926147460938
            ],
            [
                813.9547119140625,
                935.5728149414062
            ]
        ]
    },
    "1": {
        "position_m": {
            "x": 0.155415,
            "y": 0.212608,
            "z": 0.6050343333333332
        },
        "rotation_quat": {
            "x": 0.7349805289119259,
            "y": -0.005633410326114308,
            "z": -0.028167241147851536,
            "w": -0.6774795150663687
        },
        "corners_pixel": [
            [
                1155.9298095703125,
                782.7929077148438
            ],
            [
                1217.0,
                788.0
            ],
            [
                1239.1781005859375,
                805.5072021484375
            ],
            [
                1168.36669921875,
                803.15771484375
            ]
        ]
    },
    "5": {
        "position_m": {
            "x": -0.07141033333333334,
            "y": 0.2083816666666667,
            "z": 0.5087119999999999
        },
        "rotation_quat": {
            "x": 0.7330971229740294,
            "y": 0.004933091230738373,
            "z": 0.0029331926045400728,
            "w": -0.6800997495068315
        },
        "corners_pixel": [
            [
                857.2640380859375,
                828.1065673828125
            ],
            [
                930.0,
                828.0
            ],
            [
                928.2821044921875,
                855.4529418945312
            ],
            [
                846.0289916992188,
                855.6318969726562
            ]
        ]
    },
    "6": {
        "position_m": {
            "x": -0.07153033333333332,
            "y": 0.21540700000000002,
            "z": 0.615952
        },
        "rotation_quat": {
            "x": 0.7151246057206192,
            "y": 0.0014999765042631448,
            "z": 0.0023333125359608067,
            "w": -0.6989914906606698
        },
        "corners_pixel": [
            [
                874.8659057617188,
                783.866943359375
            ],
            [
                935.3523559570312,
                782.6029052734375
            ],
            [
                934.5744018554688,
                804.9981079101562
            ],
            [
                867.3916015625,
                804.7146606445312
            ]
        ]
    }
}