{
    "4": {
        "position_m": {
            "x": 0.15210300000000002,
            "y": 0.19873366666666667,
            "z": 0.38868366666666665
        },
        "rotation_quat": {
            "x": 0.7332890933623092,
            "y": 0.006066578356655472,
            "z": 0.00019999758338636473,
            "w": -0.6798898897497235
        },
        "corners_pixel": [
            [
                1256.5111083984375,
                904.87353515625
            ],
            [
                1352.232421875,
                904.9329223632812
            ],
            [
                1410.8984375,
                953.465576171875
            ],
            [
                1300.537353515625,
                952.6023559570312
            ]
        ]
    },
    "3": {
        "position_m": {
            "x": 0.05327133333333333,
            "y": 0.19082133333333332,
            "z": 0.2878066666666667
        },
        "rotation_quat": {
            "x": 0.7313030062169653,
            "y": 0.004700019486587492,
            "z": 0.0007333391571083875,
            "w": -0.6820361318350631
        },
        "corners_pixel": [
            [
                1101.48681640625,
                1018.9164428710938
            ],
            [
                1231.5723876953125,
                1018.5183715820312
            ],
            [
                1288.96923828125,
                1112.05224609375
            ],
            [
                1131.637939453125,
                1111.7418212890625
            ]
        ]
    },
    "8": {
        "position_m": {
            "x": -0.07397866666666666,
            "y": 0.19845700000000002,
            "z": 0.38739366666666664
        },
        "rotation_quat": {
            "x": 0.7338168443535547,
            "y": 0.006266550142034033,
            "z": 0.0007332974455023019,
            "w": -0.6793180636249594
        },
        "corners_pixel": [
            [
                819.2913208007812,
                905.63525390625
            ],
            [
                915.9022827148438,
                905.898193359375
            ],
            [
                910.3307495117188,
                953.5700073242188
            ],
            [
                799.0078735351562,
                954.237060546875
            ]
        ]
    },
    "7": {
        "position_m": {
            "x": 0.05142433333333334,
            "y": 0.19854766666666668,
            "z": 0.3895406666666667
        },
        "rotation_quat": {
            "x": 0.7332408388277145,
            "y": 0.0060333964458862965,
            "z": 0.0016333493808202012,
            "w": -0.6799402933878508
        },
        "corners_pixel": [
            [
                1061.4888916015625,
                903.4374389648438
            ],
            [
                1157.660888671875,
                903.5299682617188
            ],
            [
                1187.4892578125,
                951.4268188476562
            ],
            [
                1077.2711181640625,
                951.3544311523438
            ]
        ]
    },
    "2": {
        "position_m": {
            "x": 0.15312933333333334,
            "y": 0.20759833333333333,
            "z": 0.49358233333333335
        },
        "rotation_quat": {
            "x": 0.73059994874715,
            "y": 0.0021666677872680395,
            "z": 0.0017999990885294965,
            "w": -0.6827999563888701
        },
        "corners_pixel": [
            [
                1195.27294921875,
                836.727783203125
            ],
            [
                1271.31689453125,
                836.3673095703125
            ],
            [
                1306.400634765625,
                866.4248657226562
            ],
            [
                1222.2000732421875,
                866.293212890625
            ]
        ]
    },
    "1": {
        "position_m": {
            "x": 0.14900266666666667,
            "y": 0.2121603333333333,
            "z": 0.586512
        },
        "rotation_quat": {
            "x": 0.7454371849044487,
            "y": -0.006766697648894038,
            "z": -0.01356673924016452,
            "w": -0.6664034504345311
        },
        "corners_pixel": [
            [
                1154.0,
                793.0
            ],
            [
                1217.0,
                793.0
            ],
            [
                1240.2967529296875,
                811.5096435546875
            ],
            [
                1168.196044921875,
                809.2145385742188
            ]
        ]
    },
    "5": {
        "position_m": {
            "x": -0.07580166666666666,
            "y": 0.20633633333333334,
            "z": 0.4903686666666667
        },
        "rotation_quat": {
            "x": 0.731652823358905,
            "y": 0.005600147926042798,
            "z": 0.007033519332451,
            "w": -0.6816181585168851
        },
        "corners_pixel": [
            [
                846.4016723632812,
                836.7738647460938
            ],
            [
                922.654296875,
                835.4400634765625
            ],
            [
                919.8629150390625,
                865.6791381835938
            ],
            [
                834.51513671875,
                866.3597412109375
            ]
        ]
    },
    "6": {
        "position_m": {
            "x": -0.07704066666666666,
            "y": 0.21280266666666667,
            "z": 0.596295
        },
        "rotation_quat": {
            "x": 0.7135432275322074,
            "y": 0.007266771805719663,
            "z": 0.006533423052482149,
            "w": -0.7005430542469614
        },
        "corners_pixel": [
            [
                865.8701171875,
                788.7976684570312
            ],
            [
                928.184814453125,
                788.3197631835938
            ],
            [
                926.894287109375,
                811.6818237304688
            ],
            [
                857.482666015625,
                811.6100463867188
            ]
        ]
    }
}