{
    "3": {
        "position_m": {
            "x": 0.17922000000000002,
            "y": 0.14006766666666667,
            "z": 0.357357
        },
        "rotation_quat": {
            "x": 0.5210352131250904,
            "y": 0.508801776684519,
            "z": 0.47896833448368414,
            "w": -0.490135076574095
        },
        "corners_pixel": [
            [
                1336.2314453125,
                815.2305908203125
            ],
            [
                1293.3282470703125,
                785.4088134765625
            ],
            [
                1384.0,
                787.0
            ],
            [
                1441.1773681640625,
                816.1815795898438
            ]
        ]
    },
    "8": {
        "position_m": {
            "x": 0.07675566666666667,
            "y": 0.12855333333333333,
            "z": 0.229376
        },
        "rotation_quat": {
            "x": 0.5223342587004811,
            "y": 0.5185009185705908,
            "z": 0.47240083533996136,
            "w": -0.48493419182336417
        },
        "corners_pixel": [
            [
                1213.435302734375,
                938.816650390625
            ],
            [
                1171.5950927734375,
                877.6201782226562
            ],
            [
                1304.3433837890625,
                878.0962524414062
            ],
            [
                1375.59375,
                942.92919921875
            ]
        ]
    },
    "6": {
        "position_m": {
            "x": -0.12381466666666667,
            "y": 0.12846066666666667,
            "z": 0.23304333333333335
        },
        "rotation_quat": {
            "x": 0.5227668990944399,
            "y": 0.5132002306952339,
            "z": 0.4768002114393101,
            "w": -0.4858002169585471
        },
        "corners_pixel": [
            [
                575.3007202148438,
                932.9918212890625
            ],
            [
                646.4511108398438,
                870.4688110351562
            ],
            [
                776.2476806640625,
                872.003173828125
            ],
            [
                732.2894897460938,
                934.0421752929688
            ]
        ]
    },
    "5": {
        "position_m": {
            "x": -0.023576,
            "y": 0.12837766666666664,
            "z": 0.23076299999999997
        },
        "rotation_quat": {
            "x": 0.5184794161791906,
            "y": 0.5172793867061021,
            "z": 0.4781117569138159,
            "w": -0.48477858759255077
        },
        "corners_pixel": [
            [
                891.5123901367188,
                936.6299438476562
            ],
            [
                906.0568237304688,
                872.8090209960938
            ],
            [
                1037.33056640625,
                874.6427001953125
            ],
            [
                1051.412353515625,
                937.7932739257812
            ]
        ]
    },
    "7": {
        "position_m": {
            "x": 0.07848233333333333,
            "y": 0.13898733333333332,
            "z": 0.3576376666666667
        },
        "rotation_quat": {
            "x": 0.5229698247691261,
            "y": 0.5133697094413919,
            "z": 0.476969500209918,
            "w": -0.485236230797445
        },
        "corners_pixel": [
            [
                1128.4573974609375,
                812.6876831054688
            ],
            [
                1110.4774169921875,
                784.8245239257812
            ],
            [
                1206.2958984375,
                781.0062255859375
            ],
            [
                1232.206787109375,
                813.5186767578125
            ]
        ]
    },
    "4": {
        "position_m": {
            "x": 0.08315266666666665,
            "y": 0.1480783333333333,
            "z": 0.46470866666666666
        },
        "rotation_quat": {
            "x": 0.5065472068460376,
            "y": 0.5094470954441624,
            "z": 0.48938120075933833,
            "w": -0.4943476757539493
        },
        "corners_pixel": [
            [
                1098.214111328125,
                761.6456298828125
            ],
            [
                1086.7398681640625,
                740.480712890625
            ],
            [
                1156.866943359375,
                741.7940063476562
            ],
            [
                1178.568359375,
                761.6158447265625
            ]
        ]
    }
}