{
    "3": {
        "position_m": {
            "x": 0.174584,
            "y": 0.13990966666666665,
            "z": 0.35825733333333326
        },
        "rotation_quat": {
            "x": 0.5196698675614062,
            "y": 0.5102031478495371,
            "z": 0.481369633066742,
            "w": -0.48776967211412825
        },
        "corners_pixel": [
            [
                1325.76806640625,
                813.9132080078125
            ],
            [
                1283.21142578125,
                784.4111328125
            ],
            [
                1374.6688232421875,
                784.1165161132812
            ],
            [
                1429.5677490234375,
                814.410888671875
            ]
        ]
    },
    "6": {
        "position_m": {
            "x": -0.12667533333333333,
            "y": 0.12836633333333333,
            "z": 0.23101033333333335
        },
        "rotation_quat": {
            "x": 0.5194005441123501,
            "y": 0.5162672056782933,
            "z": 0.47980050231430765,
            "w": -0.4832005019615143
        },
        "corners_pixel": [
            [
                562.6771240234375,
                936.15576171875
            ],
            [
                635.263916015625,
                872.3543090820312
            ],
            [
                766.169677734375,
                873.4207153320312
            ],
            [
                721.9963989257812,
                935.8660888671875
            ]
        ]
    },
    "8": {
        "position_m": {
            "x": 0.07394433333333333,
            "y": 0.12844599999999998,
            "z": 0.22956066666666666
        },
        "rotation_quat": {
            "x": 0.5198991144545009,
            "y": 0.5215991119033343,
            "z": 0.4741325257569974,
            "w": -0.4825325121381655
        },
        "corners_pixel": [
            [
                1204.179931640625,
                938.0653686523438
            ],
            [
                1162.5302734375,
                877.0825805664062
            ],
            [
                1295.183837890625,
                877.42333984375
            ],
            [
                1365.0357666015625,
                941.4196166992188
            ]
        ]
    },
    "5": {
        "position_m": {
            "x": -0.026383,
            "y": 0.12819899999999998,
            "z": 0.22970100000000002
        },
        "rotation_quat": {
            "x": 0.515836975854862,
            "y": 0.520537008851312,
            "z": 0.4806700608061835,
            "w": -0.48157006697013405
        },
        "corners_pixel": [
            [
                882.1212768554688,
                937.7388916015625
            ],
            [
                896.6376342773438,
                873.7559814453125
            ],
            [
                1028.444091796875,
                874.7221069335938
            ],
            [
                1042.4349365234375,
                938.1246948242188
            ]
        ]
    },
    "7": {
        "position_m": {
            "x": 0.073844,
            "y": 0.13850133333333334,
            "z": 0.3565133333333333
        },
        "rotation_quat": {
            "x": 0.5213095453881994,
            "y": 0.5149427894569855,
            "z": 0.4788754477317588,
            "w": -0.4834755288875699
        },
        "corners_pixel": [
            [
                1119.60107421875,
                812.431884765625
            ],
            [
                1101.456787109375,
                784.3963623046875
            ],
            [
                1196.964599609375,
                780.224853515625
            ],
            [
                1222.901611328125,
                812.9890747070312
            ]
        ]
    },
    "4": {
        "position_m": {
            "x": 0.07724966666666666,
            "y": 0.14754866666666666,
            "z": 0.4630986666666666
        },
        "rotation_quat": {
            "x": 0.5040929251823445,
            "y": 0.5119928108366986,
            "z": 0.49175976395662035,
            "w": -0.49185975540388854
        },
        "corners_pixel": [
            [
                1089.02099609375,
                761.3358154296875
            ],
            [
                1077.720703125,
                740.1362915039062
            ],
            [
                1148.0982666015625,
                741.2341918945312
            ],
            [
                1169.5555419921875,
                761.3338012695312
            ]
        ]
    }
}