{
    "3": {
        "position_m": {
            "x": 0.17913466666666666,
            "y": 0.13993333333333333,
            "z": 0.35734099999999996
        },
        "rotation_quat": {
            "x": 0.5214704521611114,
            "y": 0.5100370480286371,
            "z": 0.476970135155641,
            "w": -0.4903368916680956
        },
        "corners_pixel": [
            [
                1336.2271728515625,
                815.3724365234375
            ],
            [
                1293.03369140625,
                785.4754028320312
            ],
            [
                1384.0,
                787.0
            ],
            [
                1441.013427734375,
                816.2509765625
            ]
        ]
    },
    "8": {
        "position_m": {
            "x": 0.07671933333333333,
            "y": 0.12851333333333334,
            "z": 0.229366
        },
        "rotation_quat": {
            "x": 0.5221627435151721,
            "y": 0.5184627725579439,
            "z": 0.47236312025352156,
            "w": -0.4851963575508322
        },
        "corners_pixel": [
            [
                1213.19970703125,
                938.81591796875
            ],
            [
                1171.36083984375,
                877.5254516601562
            ],
            [
                1304.2335205078125,
                878.1779174804688
            ],
            [
                1375.361083984375,
                942.980712890625
            ]
        ]
    },
    "6": {
        "position_m": {
            "x": -0.12383933333333334,
            "y": 0.12839633333333333,
            "z": 0.23305333333333333
        },
        "rotation_quat": {
            "x": 0.5225935459195246,
            "y": 0.5132936609530518,
            "z": 0.47679411159901847,
            "w": -0.48589399927677
        },
        "corners_pixel": [
            [
                575.1931762695312,
                932.845947265625
            ],
            [
                646.7880249023438,
                870.0889282226562
            ],
            [
                776.1655883789062,
                871.680908203125
            ],
            [
                732.1959838867188,
                933.7726440429688
            ]
        ]
    },
    "5": {
        "position_m": {
            "x": -0.02360166666666667,
            "y": 0.12830433333333333,
            "z": 0.23071466666666665
        },
        "rotation_quat": {
            "x": 0.5184049727291752,
            "y": 0.5173049605446883,
            "z": 0.47810458536407846,
            "w": -0.48483798066917644
        },
        "corners_pixel": [
            [
                891.3856201171875,
                936.5525512695312
            ],
            [
                905.7066650390625,
                872.9229736328125
            ],
            [
                1037.060791015625,
                874.4473266601562
            ],
            [
                1051.313232421875,
                937.8204345703125
            ]
        ]
    },
    "7": {
        "position_m": {
            "x": 0.07856733333333334,
            "y": 0.139027,
            "z": 0.35792266666666667
        },
        "rotation_quat": {
            "x": 0.5216692927304906,
            "y": 0.5150359338799358,
            "z": 0.47686906240620236,
            "w": -0.4849691053606627
        },
        "corners_pixel": [
            [
                1128.4014892578125,
                812.7464599609375
            ],
            [
                1110.1910400390625,
                784.5615234375
            ],
            [
                1200.0,
                785.0
            ],
            [
                1231.9228515625,
                813.4884643554688
            ]
        ]
    },
    "4": {
        "position_m": {
            "x": 0.08301966666666667,
            "y": 0.14787633333333333,
            "z": 0.46437599999999996
        },
        "rotation_quat": {
            "x": 0.5065362864974284,
            "y": 0.5097363030811544,
            "z": 0.48910285121619573,
            "w": -0.49433621424566987
        },
        "corners_pixel": [
            [
                1098.0682373046875,
                761.653076171875
            ],
            [
                1086.585205078125,
                740.3637084960938
            ],
            [
                1157.2213134765625,
                742.0529174804688
            ],
            [
                1178.391357421875,
                761.5007934570312
            ]
        ]
    }
}