{
    "4": {
        "position_m": {
            "x": 0.046408333333333336,
            "y": 0.15069633333333335,
            "z": 0.331474
        },
        "rotation_quat": {
            "x": 0.524147134895969,
            "y": -0.5146468847469026,
            "z": -0.4799126364775784,
            "w": -0.4796792953107266
        },
        "corners_pixel": [
            [
                1133.608154296875,
                858.8212890625
            ],
            [
                1154.316162109375,
                910.169189453125
            ],
            [
                1016.1416625976562,
                909.6257934570312
            ],
            [
                1016.2903442382812,
                857.5253295898438
            ]
        ]
    },
    "1": {
        "position_m": {
            "x": 0.24838733333333332,
            "y": 0.15217033333333332,
            "z": 0.3324403333333333
        },
        "rotation_quat": {
            "x": 0.5211507322415241,
            "y": -0.5163175479405753,
            "z": -0.48381853843423067,
            "w": -0.4772187400345046
        },
        "corners_pixel": [
            [
                1606.3426513671875,
                861.2716064453125
            ],
            [
                1708.9896240234375,
                913.2819213867188
            ],
            [
                1570.336181640625,
                911.71337890625
            ],
            [
                1489.2943115234375,
                859.3817749023438
            ]
        ]
    },
    "3": {
        "position_m": {
            "x": -0.052705,
            "y": 0.15885933333333335,
            "z": 0.431862
        },
        "rotation_quat": {
            "x": 0.5207254879015168,
            "y": -0.5195588426803243,
            "z": -0.48032609896344586,
            "w": -0.4776928028523843
        },
        "corners_pixel": [
            [
                929.6661376953125,
                791.3157348632812
            ],
            [
                917.2192993164062,
                819.6785888671875
            ],
            [
                815.4448852539062,
                819.6035766601562
            ],
            [
                839.5880737304688,
                790.0852661132812
            ]
        ]
    },
    "2": {
        "position_m": {
            "x": 0.14772733333333332,
            "y": 0.1514066666666667,
            "z": 0.33168000000000003
        },
        "rotation_quat": {
            "x": 0.521832526496072,
            "y": -0.5172658672542177,
            "z": -0.4795659250696391,
            "w": -0.47973259257274686
        },
        "corners_pixel": [
            [
                1371.3746337890625,
                860.1718139648438
            ],
            [
                1433.5186767578125,
                911.9055786132812
            ],
            [
                1295.305419921875,
                911.4933471679688
            ],
            [
                1254.3768310546875,
                859.7083129882812
            ]
        ]
    },
    "7": {
        "position_m": {
            "x": 0.04727800000000001,
            "y": 0.15883766666666665,
            "z": 0.4332203333333333
        },
        "rotation_quat": {
            "x": 0.5224244241890761,
            "y": -0.5165578555183147,
            "z": -0.48005847416085135,
            "w": -0.4793584924661162
        },
        "corners_pixel": [
            [
                1109.7362060546875,
                789.9972534179688
            ],
            [
                1121.37939453125,
                819.1153564453125
            ],
            [
                1019.5869140625,
                818.6448974609375
            ],
            [
                1019.8799438476562,
                789.3328857421875
            ]
        ]
    },
    "8": {
        "position_m": {
            "x": 0.04595233333333334,
            "y": 0.1686736666666667,
            "z": 0.5653290000000001
        },
        "rotation_quat": {
            "x": 0.5068569257711681,
            "y": -0.5059902800458905,
            "z": -0.4949238275892404,
            "w": -0.49205721027264515
        },
        "corners_pixel": [
            [
                1087.5845947265625,
                736.4378051757812
            ],
            [
                1094.3966064453125,
                757.8976440429688
            ],
            [
                1018.1484375,
                756.74609375
            ],
            [
                1019.5467529296875,
                737.1466064453125
            ]
        ]
    }
}