{
    "1": {
        "position_m": {
            "x": 0.248518,
            "y": 0.15225333333333332,
            "z": 0.3326023333333333
        },
        "rotation_quat": {
            "x": 0.5210441814149651,
            "y": -0.5164107553830314,
            "z": -0.4837767431558654,
            "w": -0.4772766027366516
        },
        "corners_pixel": [
            [
                1606.7021484375,
                861.409423828125
            ],
            [
                1708.1600341796875,
                912.9512329101562
            ],
            [
                1570.2392578125,
                911.6139526367188
            ],
            [
                1489.1533203125,
                859.2125244140625
            ]
        ]
    },
    "2": {
        "position_m": {
            "x": 0.147714,
            "y": 0.151397,
            "z": 0.331647
        },
        "rotation_quat": {
            "x": 0.5218415276789036,
            "y": -0.5172414552041928,
            "z": -0.47960752888088426,
            "w": -0.47970753094856566
        },
        "corners_pixel": [
            [
                1371.58349609375,
                860.2337036132812
            ],
            [
                1433.59130859375,
                911.8820190429688
            ],
            [
                1295.2806396484375,
                911.4970703125
            ],
            [
                1254.2877197265625,
                859.5885620117188
            ]
        ]
    },
    "4": {
        "position_m": {
            "x": 0.04640666666666667,
            "y": 0.15071366666666666,
            "z": 0.33148333333333335
        },
        "rotation_quat": {
            "x": 0.5242032594175302,
            "y": -0.5146698659837348,
            "z": -0.47986964835411894,
            "w": -0.47963631269204027
        },
        "corners_pixel": [
            [
                1133.5853271484375,
                858.6007080078125
            ],
            [
                1154.260498046875,
                910.0519409179688
            ],
            [
                1016.070068359375,
                909.6903686523438
            ],
            [
                1016.3176879882812,
                857.5366821289062
            ]
        ]
    },
    "3": {
        "position_m": {
            "x": -0.052688000000000006,
            "y": 0.15883533333333333,
            "z": 0.4317663333333333
        },
        "rotation_quat": {
            "x": 0.5205645494011536,
            "y": -0.5198645310985439,
            "z": -0.48013138655728865,
            "w": -0.47773137939122284
        },
        "corners_pixel": [
            [
                929.7235107421875,
                791.2999267578125
            ],
            [
                917.49267578125,
                819.4500732421875
            ],
            [
                815.3159790039062,
                819.7889404296875
            ],
            [
                839.4927978515625,
                790.2520141601562
            ]
        ]
    },
    "7": {
        "position_m": {
            "x": 0.047267,
            "y": 0.15883,
            "z": 0.4331756666666666
        },
        "rotation_quat": {
            "x": 0.5224269865858433,
            "y": -0.5164270488608196,
            "z": -0.48012749544323186,
            "w": -0.47942750756621116
        },
        "corners_pixel": [
            [
                1109.0,
                790.0
            ],
            [
                1121.387939453125,
                819.1124267578125
            ],
            [
                1019.6484375,
                818.6423950195312
            ],
            [
                1020.0911254882812,
                789.2913818359375
            ]
        ]
    },
    "8": {
        "position_m": {
            "x": 0.04596733333333333,
            "y": 0.1686983333333333,
            "z": 0.5653999999999999
        },
        "rotation_quat": {
            "x": 0.5067820662095687,
            "y": -0.5060154264966465,
            "z": -0.4950158157355305,
            "w": -0.49201592218897194
        },
        "corners_pixel": [
            [
                1087.53125,
                736.4368286132812
            ],
            [
                1094.4205322265625,
                757.888916015625
            ],
            [
                1018.1144409179688,
                756.8198852539062
            ],
            [
                1019.9111938476562,
                736.8744506835938
            ]
        ]
    }
}