{
    "1": {
        "position_m": {
            "x": 0.24848100000000004,
            "y": 0.152172,
            "z": 0.3325906666666667
        },
        "rotation_quat": {
            "x": 0.5206044416192793,
            "y": -0.5164044084377247,
            "z": -0.48363746147849707,
            "w": -0.4779040784163672
        },
        "corners_pixel": [
            [
                1606.202392578125,
                861.1271362304688
            ],
            [
                1708.6859130859375,
                913.140625
            ],
            [
                1570.5576171875,
                911.8111572265625
            ],
            [
                1489.186767578125,
                859.1780395507812
            ]
        ]
    },
    "2": {
        "position_m": {
            "x": 0.147668,
            "y": 0.15136533333333335,
            "z": 0.33155666666666667
        },
        "rotation_quat": {
            "x": 0.5219303247090525,
            "y": -0.517263685173305,
            "z": -0.4795972353917896,
            "w": -0.4795972351406829
        },
        "corners_pixel": [
            [
                1371.0308837890625,
                859.9364624023438
            ],
            [
                1433.337646484375,
                911.6461791992188
            ],
            [
                1295.3575439453125,
                911.510009765625
            ],
            [
                1254.2005615234375,
                859.5601196289062
            ]
        ]
    },
    "3": {
        "position_m": {
            "x": -0.052621,
            "y": 0.15871366666666667,
            "z": 0.43137866666666663
        },
        "rotation_quat": {
            "x": 0.5203336833791176,
            "y": -0.520766993381892,
            "z": -0.479533660571452,
            "w": -0.4776003192252367
        },
        "corners_pixel": [
            [
                929.66650390625,
                791.3023071289062
            ],
            [
                917.3556518554688,
                819.4762573242188
            ],
            [
                815.2061157226562,
                819.7918701171875
            ],
            [
                839.4736938476562,
                790.1732177734375
            ]
        ]
    },
    "4": {
        "position_m": {
            "x": 0.04639266666666667,
            "y": 0.15069,
            "z": 0.33139466666666667
        },
        "rotation_quat": {
            "x": 0.5241822020100687,
            "y": -0.5148825177699056,
            "z": -0.47978370950864374,
            "w": -0.47951705296154357
        },
        "corners_pixel": [
            [
                1133.716064453125,
                859.0011596679688
            ],
            [
                1154.2191162109375,
                909.8810424804688
            ],
            [
                1016.0409545898438,
                909.7094116210938
            ],
            [
                1016.279296875,
                857.6005249023438
            ]
        ]
    },
    "7": {
        "position_m": {
            "x": 0.047274666666666666,
            "y": 0.15864133333333333,
            "z": 0.4327716666666667
        },
        "rotation_quat": {
            "x": 0.5219373293831315,
            "y": -0.5164706200516488,
            "z": -0.4805036773014469,
            "w": -0.4795370047448447
        },
        "corners_pixel": [
            [
                1109.781982421875,
                790.035400390625
            ],
            [
                1121.40625,
                819.1151123046875
            ],
            [
                1019.5664672851562,
                818.6665649414062
            ],
            [
                1019.8734741210938,
                789.3075561523438
            ]
        ]
    },
    "8": {
        "position_m": {
            "x": 0.045954666666666664,
            "y": 0.16876900000000003,
            "z": 0.5653786666666667
        },
        "rotation_quat": {
            "x": 0.5062006633044323,
            "y": -0.504667328372122,
            "z": -0.49673400165032705,
            "w": -0.4922673133048248
        },
        "corners_pixel": [
            [
                1087.5540771484375,
                736.5167846679688
            ],
            [
                1094.43359375,
                757.8773193359375
            ],
            [
                1017.87646484375,
                756.8287963867188
            ],
            [
                1019.5951538085938,
                737.0824584960938
            ]
        ]
    }
}