{
    "2": {
        "position_m": {
            "x": 0.13317466666666666,
            "y": -0.4219186666666667,
            "z": 0.8135526666666667
        },
        "rotation_quat": {
            "x": 0.01063344162198623,
            "y": 0.006266727255855498,
            "z": -0.005266720383933639,
            "w": -0.999909955798606
        },
        "corners_pixel": [
            [
                1084.5836181640625,
                171.58432006835938
            ],
            [
                1129.608642578125,
                172.21031188964844
            ],
            [
                1129.1070556640625,
                216.87698364257812
            ],
            [
                1084.4801025390625,
                215.92539978027344
            ]
        ]
    },
    "3": {
        "position_m": {
            "x": 0.03189033333333333,
            "y": -0.22312933333333332,
            "z": 0.8156496666666667
        },
        "rotation_quat": {
            "x": 0.0037332537603213777,
            "y": -0.0004999896949295888,
            "z": 0.005333219641856893,
            "w": 0.999978684570285
        },
        "corners_pixel": [
            [
                993.2575073242188,
                351.11346435546875
            ],
            [
                1038.4437255859375,
                351.67889404296875
            ],
            [
                1037.6998291015625,
                396.50128173828125
            ],
            [
                993.084716796875,
                396.0400695800781
            ]
        ]
    },
    "8": {
        "position_m": {
            "x": -0.09485266666666665,
            "y": -0.32233333333333336,
            "z": 0.8119723333333333
        },
        "rotation_quat": {
            "x": 0.0039001359959565047,
            "y": -0.015066875262233785,
            "z": 0.0007000073668578151,
            "w": 0.9998786367348449
        },
        "corners_pixel": [
            [
                879.055908203125,
                260.6203308105469
            ],
            [
                924.4744262695312,
                261.360595703125
            ],
            [
                924.1420288085938,
                306.00469970703125
            ],
            [
                879.2501220703125,
                305.6004638671875
            ]
        ]
    },
    "5": {
        "position_m": {
            "x": -0.095136,
            "y": -0.425495,
            "z": 0.8164606666666666
        },
        "rotation_quat": {
            "x": 0.0046332725505655835,
            "y": -0.0010333181177166048,
            "z": -0.0020999708350965553,
            "w": 0.9999865274900616
        },
        "corners_pixel": [
            [
                879.3461303710938,
                169.75355529785156
            ],
            [
                924.0888061523438,
                169.5213623046875
            ],
            [
                924.4585571289062,
                214.60403442382812
            ],
            [
                879.550537109375,
                214.77137756347656
            ]
        ]
    },
    "1": {
        "position_m": {
            "x": 0.13330166666666665,
            "y": -0.5218156666666667,
            "z": 0.814008
        },
        "rotation_quat": {
            "x": 0.014832886511183467,
            "y": 0.004133211303867272,
            "z": -0.004866518485956733,
            "w": -0.9998696010179976
        },
        "corners_pixel": [
            [
                1084.5057373046875,
                81.78592681884766
            ],
            [
                1129.5167236328125,
                82.53298950195312
            ],
            [
                1129.283203125,
                126.69690704345703
            ],
            [
                1084.430908203125,
                125.92174530029297
            ]
        ]
    },
    "6": {
        "position_m": {
            "x": -0.09370966666666665,
            "y": -0.5248176666666667,
            "z": 0.8146996666666667
        },
        "rotation_quat": {
            "x": 0.00406662165838809,
            "y": 0.0007999925764280055,
            "z": -0.002366639599282459,
            "w": -0.9999886107437286
        },
        "corners_pixel": [
            [
                880.3504028320312,
                79.73407745361328
            ],
            [
                925.3634643554688,
                79.7742691040039
            ],
            [
                925.069091796875,
                124.5810546875
            ],
            [
                880.347900390625,
                124.28511047363281
            ]
        ]
    },
    "7": {
        "position_m": {
            "x": 0.031083333333333334,
            "y": -0.3232793333333333,
            "z": 0.8138816666666667
        },
        "rotation_quat": {
            "x": 0.00716672668658771,
            "y": 0.01143341811051958,
            "z": -0.00180001169011125,
            "w": -0.9999073331748424
        },
        "corners_pixel": [
            [
                992.4849243164062,
                260.3135070800781
            ],
            [
                1037.6141357421875,
                261.0771789550781
            ],
            [
                1037.498779296875,
                305.61273193359375
            ],
            [
                992.5744018554688,
                305.40826416015625
            ]
        ]
    },
    "4": {
        "position_m": {
            "x": 0.132115,
            "y": -0.32097466666666663,
            "z": 0.8143686666666666
        },
        "rotation_quat": {
            "x": 0.008233004934440164,
            "y": 0.0026665584740719742,
            "z": -0.0023665727534186555,
            "w": -0.9999597524045939
        },
        "corners_pixel": [
            [
                1083.542236328125,
                262.7073974609375
            ],
            [
                1128.457275390625,
                263.05572509765625
            ],
            [
                1128.460205078125,
                307.5887756347656
            ],
            [
                1083.6177978515625,
                307.6285095214844
            ]
        ]
    }
}