{
    "3": {
        "position_m": {
            "x": 0.02851266666666667,
            "y": -0.206373,
            "z": 0.8159363333333333
        },
        "rotation_quat": {
            "x": 0.010533453685044245,
            "y": 0.0009666849242326858,
            "z": -0.0012000145460705682,
            "w": -0.9999433343139057
        },
        "corners_pixel": [
            [
                990.2413330078125,
                365.9683532714844
            ],
            [
                1035.338134765625,
                365.94781494140625
            ],
            [
                1035.2554931640625,
                410.8113098144531
            ],
            [
                990.3073120117188,
                410.66876220703125
            ]
        ]
    },
    "4": {
        "position_m": {
            "x": 0.12853333333333336,
            "y": -0.306152,
            "z": 0.8176059999999999
        },
        "rotation_quat": {
            "x": 0.008733297168620686,
            "y": 0.0010666451787723075,
            "z": 0.002766615570510862,
            "w": -0.9999574679089666
        },
        "corners_pixel": [
            [
                1079.7197265625,
                276.9962463378906
            ],
            [
                1124.7896728515625,
                276.68035888671875
            ],
            [
                1125.1243896484375,
                321.2861328125
            ],
            [
                1080.4146728515625,
                321.43035888671875
            ]
        ]
    },
    "2": {
        "position_m": {
            "x": 0.128748,
            "y": -0.40725800000000006,
            "z": 0.8156826666666667
        },
        "rotation_quat": {
            "x": 0.0028332801301228887,
            "y": 0.004533257997715756,
            "z": -3.5973464407766714e-09,
            "w": -0.9999857109457266
        },
        "corners_pixel": [
            [
                1080.1473388671875,
                185.51966857910156
            ],
            [
                1125.4530029296875,
                185.66102600097656
            ],
            [
                1125.235595703125,
                230.56478881835938
            ],
            [
                1080.575927734375,
                230.2443389892578
            ]
        ]
    },
    "8": {
        "position_m": {
            "x": -0.09914366666666667,
            "y": -0.304986,
            "z": 0.8130426666666667
        },
        "rotation_quat": {
            "x": 0.010233192253716862,
            "y": 0.01329980604637715,
            "z": 0.0040332784478432524,
            "w": -0.999851053707696
        },
        "corners_pixel": [
            [
                875.299560546875,
                276.4691467285156
            ],
            [
                920.5615844726562,
                276.6376037597656
            ],
            [
                920.7056274414062,
                321.3174133300781
            ],
            [
                875.724853515625,
                321.5299072265625
            ]
        ]
    },
    "7": {
        "position_m": {
            "x": 0.026861333333333334,
            "y": -0.3058323333333333,
            "z": 0.81144
        },
        "rotation_quat": {
            "x": -0.013566936125250603,
            "y": 0.008169509914534356,
            "z": 0.002800725190041153,
            "w": -0.999870668281823
        },
        "corners_pixel": [
            [
                988.9263305664062,
                275.1912536621094
            ],
            [
                1034.12744140625,
                275.30419921875
            ],
            [
                1034.199462890625,
                320.3117370605469
            ],
            [
                989.4115600585938,
                320.3611145019531
            ]
        ]
    },
    "1": {
        "position_m": {
            "x": 0.12819566666666668,
            "y": -0.507871,
            "z": 0.8166370000000001
        },
        "rotation_quat": {
            "x": 0.011267018984044107,
            "y": 0.002633429998208925,
            "z": -0.0013000370289164818,
            "w": -0.9999322123191059
        },
        "corners_pixel": [
            [
                1079.74267578125,
                95.71251678466797
            ],
            [
                1124.5406494140625,
                95.88676452636719
            ],
            [
                1124.67822265625,
                140.1517333984375
            ],
            [
                1079.61083984375,
                139.88339233398438
            ]
        ]
    },
    "5": {
        "position_m": {
            "x": -0.100078,
            "y": -0.40627199999999997,
            "z": 0.8135776666666666
        },
        "rotation_quat": {
            "x": 0.002166741217180366,
            "y": 0.0022667314354397616,
            "z": 0.009500177714942758,
            "w": -0.9999499556400219
        },
        "corners_pixel": [
            [
                874.4634399414062,
                185.47752380371094
            ],
            [
                919.6679077148438,
                184.6814727783203
            ],
            [
                920.50244140625,
                229.543701171875
            ],
            [
                875.4773559570312,
                230.3455810546875
            ]
        ]
    },
    "6": {
        "position_m": {
            "x": -0.09937033333333334,
            "y": -0.5068283333333333,
            "z": 0.8139976666666667
        },
        "rotation_quat": {
            "x": 0.007766400003805569,
            "y": -0.0008666366913662182,
            "z": 0.0026332425643043763,
            "w": -0.9999659984246579
        },
        "corners_pixel": [
            [
                875.1683349609375,
                95.23910522460938
            ],
            [
                920.3477172851562,
                94.74620056152344
            ],
            [
                920.5247192382812,
                139.4374237060547
            ],
            [
                875.4942626953125,
                139.61509704589844
            ]
        ]
    }
}