{
    "7": {
        "position_m": {
            "x": 0.026790666666666667,
            "y": -0.30588499999999996,
            "z": 0.8116203333333333
        },
        "rotation_quat": {
            "x": 0.0009333610984375063,
            "y": 0.012433531306261236,
            "z": 0.0034333864948939904,
            "w": -0.9999163704997998
        },
        "corners_pixel": [
            [
                988.964111328125,
                275.09918212890625
            ],
            [
                1034.165283203125,
                275.3964538574219
            ],
            [
                1034.27099609375,
                320.41485595703125
            ],
            [
                989.3698120117188,
                320.3824768066406
            ]
        ]
    },
    "4": {
        "position_m": {
            "x": 0.128405,
            "y": -0.306116,
            "z": 0.8174769999999999
        },
        "rotation_quat": {
            "x": 0.008399946803254645,
            "y": 0.0015666781425562881,
            "z": 0.003233320058924471,
            "w": -0.9999582651564495
        },
        "corners_pixel": [
            [
                1079.8819580078125,
                277.13128662109375
            ],
            [
                1124.8277587890625,
                276.75
            ],
            [
                1125.0987548828125,
                321.5386047363281
            ],
            [
                1080.429931640625,
                321.5600891113281
            ]
        ]
    },
    "8": {
        "position_m": {
            "x": -0.09919133333333334,
            "y": -0.3049286666666666,
            "z": 0.8130176666666666
        },
        "rotation_quat": {
            "x": 0.010166201859061563,
            "y": 0.013166064359871776,
            "z": 0.0038331580398307074,
            "w": -0.9998542943791734
        },
        "corners_pixel": [
            [
                875.335205078125,
                276.4705810546875
            ],
            [
                920.69140625,
                276.66754150390625
            ],
            [
                920.816650390625,
                321.30621337890625
            ],
            [
                875.7014770507812,
                321.37371826171875
            ]
        ]
    },
    "3": {
        "position_m": {
            "x": 0.02846866666666667,
            "y": -0.20634733333333333,
            "z": 0.8159236666666666
        },
        "rotation_quat": {
            "x": 0.005366690754935832,
            "y": 0.003933368944363469,
            "z": 0.0010666786834890988,
            "w": 0.9999772944600662
        },
        "corners_pixel": [
            [
                990.3333129882812,
                366.1585998535156
            ],
            [
                1035.469482421875,
                366.289306640625
            ],
            [
                1035.29833984375,
                410.8194580078125
            ],
            [
                990.4356079101562,
                410.74700927734375
            ]
        ]
    },
    "5": {
        "position_m": {
            "x": -0.10015933333333334,
            "y": -0.4061856666666667,
            "z": 0.8134396666666667
        },
        "rotation_quat": {
            "x": 0.0016667448961849886,
            "y": 0.003400156597962778,
            "z": 0.009633780026261496,
            "w": -0.9999464241542974
        },
        "corners_pixel": [
            [
                874.6828002929688,
                185.52935791015625
            ],
            [
                919.7783813476562,
                184.7494354248047
            ],
            [
                920.5732421875,
                229.78855895996094
            ],
            [
                875.5556640625,
                230.3355712890625
            ]
        ]
    },
    "1": {
        "position_m": {
            "x": 0.12803433333333333,
            "y": -0.507726,
            "z": 0.8164133333333333
        },
        "rotation_quat": {
            "x": 0.011433689503874158,
            "y": 0.0018667282471506175,
            "z": -0.001600052061539905,
            "w": -0.9999316106131364
        },
        "corners_pixel": [
            [
                1079.9915771484375,
                95.67595672607422
            ],
            [
                1124.5977783203125,
                95.99420166015625
            ],
            [
                1124.7177734375,
                140.38363647460938
            ],
            [
                1080.09423828125,
                139.96910095214844
            ]
        ]
    },
    "6": {
        "position_m": {
            "x": -0.09948699999999999,
            "y": -0.5067053333333333,
            "z": 0.8138806666666666
        },
        "rotation_quat": {
            "x": 0.007733066153480315,
            "y": -0.0007666415253563263,
            "z": 0.0028998993344943116,
            "w": -0.9999656006745867
        },
        "corners_pixel": [
            [
                875.2665405273438,
                95.30481719970703
            ],
            [
                920.4707641601562,
                94.73973846435547
            ],
            [
                920.5022583007812,
                139.66653442382812
            ],
            [
                875.571044921875,
                139.77122497558594
            ]
        ]
    },
    "2": {
        "position_m": {
            "x": 0.12869566666666668,
            "y": -0.4073846666666667,
            "z": 0.8158893333333334
        },
        "rotation_quat": {
            "x": 0.0026999459779568735,
            "y": 0.004533267199966273,
            "z": -0.00016666540722219155,
            "w": -0.9999860659043465
        },
        "corners_pixel": [
            [
                1080.3773193359375,
                185.6297607421875
            ],
            [
                1125.467529296875,
                185.7465057373047
            ],
            [
                1125.3675537109375,
                230.65097045898438
            ],
            [
                1080.6707763671875,
                230.28195190429688
            ]
        ]
    }
}