{
    "4": {
        "position_m": {
            "x": 0.155917,
            "y": 0.200141,
            "z": 0.404339
        },
        "rotation_quat": {
            "x": -0.7343,
            "y": -0.0019,
            "z": 0.0028,
            "w": 0.6788
        },
        "corners_pixel": [
            [
                1252.2313232421875,
                892.6383666992188
            ],
            [
                1344.5823974609375,
                892.6818237304688
            ],
            [
                1398.79833984375,
                937.191162109375
            ],
            [
                1292.379150390625,
                936.139404296875
            ]
        ]
    },
    "3": {
        "position_m": {
            "x": 0.056375,
            "y": 0.192358,
            "z": 0.304562
        },
        "rotation_quat": {
            "x": -0.7312,
            "y": -0.0019,
            "z": 0.0012,
            "w": 0.6821
        },
        "corners_pixel": [
            [
                1101.383056640625,
                995.0037841796875
            ],
            [
                1224.683837890625,
                995.2201538085938
            ],
            [
                1276.3314208984375,
                1078.4403076171875
            ],
            [
                1128.846435546875,
                1077.45751953125
            ]
        ]
    },
    "8": {
        "position_m": {
            "x": -0.070343,
            "y": 0.200212,
            "z": 0.405701
        },
        "rotation_quat": {
            "x": -0.7327,
            "y": -0.0047,
            "z": 0.003,
            "w": 0.6805
        },
        "corners_pixel": [
            [
                832.2440185546875,
                890.7091674804688
            ],
            [
                924.6975708007812,
                892.525390625
            ],
            [
                919.7384033203125,
                936.0687866210938
            ],
            [
                814.1486206054688,
                935.79443359375
            ]
        ]
    },
    "2": {
        "position_m": {
            "x": 0.157028,
            "y": 0.208206,
            "z": 0.507384
        },
        "rotation_quat": {
            "x": -0.7212,
            "y": 0.0047,
            "z": -0.0005,
            "w": 0.6927
        },
        "corners_pixel": [
            [
                1195.0,
                829.0
            ],
            [
                1269.0,
                830.0
            ],
            [
                1301.88818359375,
                857.1483154296875
            ],
            [
                1220.002685546875,
                856.5635375976562
            ]
        ]
    },
    "7": {
        "position_m": {
            "x": 0.055192,
            "y": 0.199992,
            "z": 0.406042
        },
        "rotation_quat": {
            "x": -0.7337,
            "y": -0.0034,
            "z": 0.0009,
            "w": 0.6795
        },
        "corners_pixel": [
            [
                1064.5103759765625,
                890.467041015625
            ],
            [
                1156.7161865234375,
                890.8987426757812
            ],
            [
                1184.4271240234375,
                934.6215209960938
            ],
            [
                1079.0723876953125,
                934.2944946289062
            ]
        ]
    },
    "1": {
        "position_m": {
            "x": 0.155313,
            "y": 0.211922,
            "z": 0.604049
        },
        "rotation_quat": {
            "x": -0.7337,
            "y": 0.0053,
            "z": 0.0302,
            "w": 0.6788
        },
        "corners_pixel": [
            [
                1156.654541015625,
                782.8336181640625
            ],
            [
                1218.0,
                788.0
            ],
            [
                1239.2762451171875,
                805.39404296875
            ],
            [
                1168.5958251953125,
                803.006103515625
            ]
        ]
    },
    "5": {
        "position_m": {
            "x": -0.071196,
            "y": 0.20825,
            "z": 0.508129
        },
        "rotation_quat": {
            "x": -0.7338,
            "y": -0.0047,
            "z": -0.0023,
            "w": 0.6794
        },
        "corners_pixel": [
            [
                857.1470336914062,
                828.3275146484375
            ],
            [
                931.0,
                828.0
            ],
            [
                928.546875,
                855.4061279296875
            ],
            [
                846.4429321289062,
                855.6464233398438
            ]
        ]
    },
    "6": {
        "position_m": {
            "x": -0.071258,
            "y": 0.215315,
            "z": 0.615208
        },
        "rotation_quat": {
            "x": -0.7163,
            "y": -0.0013,
            "z": -0.0006,
            "w": 0.6978
        },
        "corners_pixel": [
            [
                875.5196533203125,
                783.673095703125
            ],
            [
                936.0482177734375,
                782.3853759765625
            ],
            [
                934.7818603515625,
                805.2703247070312
            ],
            [
                867.5401000976562,
                804.805419921875
            ]
        ]
    }
}