{
    "4": {
        "position_m": {
            "x": 0.155666,
            "y": 0.200168,
            "z": 0.404198
        },
        "rotation_quat": {
            "x": -0.7344,
            "y": -0.0007,
            "z": 0.0029,
            "w": 0.6787
        },
        "corners_pixel": [
            [
                1252.0040283203125,
                892.7575073242188
            ],
            [
                1344.294677734375,
                893.0238037109375
            ],
            [
                1398.26904296875,
                937.4318237304688
            ],
            [
                1291.8065185546875,
                936.3319091796875
            ]
        ]
    },
    "3": {
        "position_m": {
            "x": 0.056268,
            "y": 0.192422,
            "z": 0.304652
        },
        "rotation_quat": {
            "x": -0.7311,
            "y": -0.0019,
            "z": 0.0016,
            "w": 0.6822
        },
        "corners_pixel": [
            [
                1101.1893310546875,
                995.334228515625
            ],
            [
                1224.250732421875,
                995.310546875
            ],
            [
                1275.7471923828125,
                1078.5499267578125
            ],
            [
                1128.2772216796875,
                1077.3702392578125
            ]
        ]
    },
    "8": {
        "position_m": {
            "x": -0.070446,
            "y": 0.200091,
            "z": 0.405646
        },
        "rotation_quat": {
            "x": -0.7326,
            "y": -0.0049,
            "z": 0.0034,
            "w": 0.6806
        },
        "corners_pixel": [
            [
                832.1175537109375,
                890.4561767578125
            ],
            [
                924.4405517578125,
                892.4356079101562
            ],
            [
                919.594482421875,
                935.9749755859375
            ],
            [
                813.8253784179688,
                935.5563354492188
            ]
        ]
    },
    "7": {
        "position_m": {
            "x": 0.055058,
            "y": 0.199922,
            "z": 0.405865
        },
        "rotation_quat": {
            "x": -0.7339,
            "y": -0.0036,
            "z": 0.0014,
            "w": 0.6792
        },
        "corners_pixel": [
            [
                1064.3194580078125,
                890.5208129882812
            ],
            [
                1156.7120361328125,
                891.112060546875
            ],
            [
                1184.3251953125,
                934.7780151367188
            ],
            [
                1078.9232177734375,
                934.1880493164062
            ]
        ]
    },
    "2": {
        "position_m": {
            "x": 0.155932,
            "y": 0.207011,
            "z": 0.504568
        },
        "rotation_quat": {
            "x": -0.6545,
            "y": 0.0257,
            "z": -0.0248,
            "w": 0.7552
        },
        "corners_pixel": [
            [
                1194.107421875,
                828.5396118164062
            ],
            [
                1269.1099853515625,
                828.2183227539062
            ],
            [
                1301.566162109375,
                857.3209228515625
            ],
            [
                1220.138671875,
                856.6900024414062
            ]
        ]
    },
    "1": {
        "position_m": {
            "x": 0.155339,
            "y": 0.212622,
            "z": 0.605134
        },
        "rotation_quat": {
            "x": -0.7346,
            "y": 0.005,
            "z": 0.0281,
            "w": 0.678
        },
        "corners_pixel": [
            [
                1155.7958984375,
                782.82373046875
            ],
            [
                1217.0,
                788.0
            ],
            [
                1239.004638671875,
                805.4892578125
            ],
            [
                1168.5010986328125,
                803.17041015625
            ]
        ]
    },
    "5": {
        "position_m": {
            "x": -0.071364,
            "y": 0.208128,
            "z": 0.508159
        },
        "rotation_quat": {
            "x": -0.7331,
            "y": -0.0047,
            "z": -0.003,
            "w": 0.6801
        },
        "corners_pixel": [
            [
                857.248779296875,
                828.2207641601562
            ],
            [
                931.0,
                829.0
            ],
            [
                928.6132202148438,
                855.044677734375
            ],
            [
                846.206787109375,
                855.8412475585938
            ]
        ]
    },
    "6": {
        "position_m": {
            "x": -0.071707,
            "y": 0.215417,
            "z": 0.61607
        },
        "rotation_quat": {
            "x": -0.7146,
            "y": -0.002,
            "z": -0.0035,
            "w": 0.6995
        },
        "corners_pixel": [
            [
                875.2730102539062,
                783.6881103515625
            ],
            [
                935.5689697265625,
                782.58984375
            ],
            [
                934.734619140625,
                804.8800048828125
            ],
            [
                867.36572265625,
                804.6817626953125
            ]
        ]
    }
}