{
    "3": {
        "position_m": {
            "x": 0.174744,
            "y": 0.139991,
            "z": 0.35833
        },
        "rotation_quat": {
            "x": -0.5186,
            "y": -0.5112,
            "z": -0.4818,
            "w": 0.4874
        },
        "corners_pixel": [
            [
                1326.11669921875,
                814.3328247070312
            ],
            [
                1283.435302734375,
                784.6506958007812
            ],
            [
                1375.8050537109375,
                784.5498657226562
            ],
            [
                1429.9091796875,
                814.7134399414062
            ]
        ]
    },
    "6": {
        "position_m": {
            "x": -0.126626,
            "y": 0.128381,
            "z": 0.230919
        },
        "rotation_quat": {
            "x": -0.5195,
            "y": -0.5164,
            "z": -0.4798,
            "w": 0.4829
        },
        "corners_pixel": [
            [
                562.6156616210938,
                936.4486083984375
            ],
            [
                635.171142578125,
                872.678955078125
            ],
            [
                766.2470092773438,
                873.7742919921875
            ],
            [
                721.767578125,
                936.4573364257812
            ]
        ]
    },
    "8": {
        "position_m": {
            "x": 0.074021,
            "y": 0.12856,
            "z": 0.229668
        },
        "rotation_quat": {
            "x": -0.5199,
            "y": -0.5215,
            "z": -0.4744,
            "w": 0.4824
        },
        "corners_pixel": [
            [
                1204.212646484375,
                938.4213256835938
            ],
            [
                1162.68359375,
                877.353271484375
            ],
            [
                1294.7305908203125,
                877.5332641601562
            ],
            [
                1365.2001953125,
                941.66748046875
            ]
        ]
    },
    "5": {
        "position_m": {
            "x": -0.026374,
            "y": 0.128252,
            "z": 0.229735
        },
        "rotation_quat": {
            "x": -0.5159,
            "y": -0.5206,
            "z": -0.4804,
            "w": 0.4817
        },
        "corners_pixel": [
            [
                882.0891723632812,
                938.0250854492188
            ],
            [
                896.723388671875,
                874.0980834960938
            ],
            [
                1028.4991455078125,
                875.1139526367188
            ],
            [
                1042.546630859375,
                938.4118041992188
            ]
        ]
    },
    "7": {
        "position_m": {
            "x": 0.073855,
            "y": 0.138594,
            "z": 0.356467
        },
        "rotation_quat": {
            "x": -0.5211,
            "y": -0.5139,
            "z": -0.48,
            "w": 0.4836
        },
        "corners_pixel": [
            [
                1119.4847412109375,
                812.7428588867188
            ],
            [
                1101.451904296875,
                784.5584716796875
            ],
            [
                1192.0,
                785.0
            ],
            [
                1222.8724365234375,
                813.2684936523438
            ]
        ]
    },
    "4": {
        "position_m": {
            "x": 0.077307,
            "y": 0.147632,
            "z": 0.463192
        },
        "rotation_quat": {
            "x": -0.5041,
            "y": -0.5123,
            "z": -0.4919,
            "w": 0.4913
        },
        "corners_pixel": [
            [
                1089.18798828125,
                761.680908203125
            ],
            [
                1077.8587646484375,
                740.5548706054688
            ],
            [
                1148.38720703125,
                741.6246337890625
            ],
            [
                1169.6768798828125,
                761.4437866210938
            ]
        ]
    }
}