{
    "3": {
        "position_m": {
            "x": 0.174585,
            "y": 0.139951,
            "z": 0.358324
        },
        "rotation_quat": {
            "x": -0.5202,
            "y": -0.5094,
            "z": -0.4814,
            "w": 0.488
        },
        "corners_pixel": [
            [
                1325.9237060546875,
                814.1480102539062
            ],
            [
                1283.26171875,
                784.4886474609375
            ],
            [
                1374.806640625,
                784.243408203125
            ],
            [
                1429.65087890625,
                814.5465087890625
            ]
        ]
    },
    "6": {
        "position_m": {
            "x": -0.126685,
            "y": 0.128353,
            "z": 0.231017
        },
        "rotation_quat": {
            "x": -0.5193,
            "y": -0.5163,
            "z": -0.4797,
            "w": 0.4833
        },
        "corners_pixel": [
            [
                562.6590576171875,
                936.2384643554688
            ],
            [
                635.0956420898438,
                872.4297485351562
            ],
            [
                766.21044921875,
                873.393798828125
            ],
            [
                721.8472290039062,
                936.1257934570312
            ]
        ]
    },
    "8": {
        "position_m": {
            "x": 0.073942,
            "y": 0.128455,
            "z": 0.229579
        },
        "rotation_quat": {
            "x": -0.5199,
            "y": -0.5216,
            "z": -0.4741,
            "w": 0.4825
        },
        "corners_pixel": [
            [
                1204.2374267578125,
                938.265380859375
            ],
            [
                1162.4307861328125,
                877.0413208007812
            ],
            [
                1294.7630615234375,
                877.326904296875
            ],
            [
                1365.10595703125,
                941.5194091796875
            ]
        ]
    },
    "5": {
        "position_m": {
            "x": -0.026385,
            "y": 0.128207,
            "z": 0.229721
        },
        "rotation_quat": {
            "x": -0.5159,
            "y": -0.5205,
            "z": -0.4807,
            "w": 0.4815
        },
        "corners_pixel": [
            [
                882.0323486328125,
                937.8421020507812
            ],
            [
                896.9916381835938,
                873.9035034179688
            ],
            [
                1028.3662109375,
                874.8438720703125
            ],
            [
                1042.431884765625,
                938.33544921875
            ]
        ]
    },
    "7": {
        "position_m": {
            "x": 0.073837,
            "y": 0.138492,
            "z": 0.356507
        },
        "rotation_quat": {
            "x": -0.5212,
            "y": -0.515,
            "z": -0.4789,
            "w": 0.4835
        },
        "corners_pixel": [
            [
                1119.4638671875,
                812.5244140625
            ],
            [
                1101.4510498046875,
                784.4503784179688
            ],
            [
                1192.0,
                785.0
            ],
            [
                1222.94921875,
                813.1375122070312
            ]
        ]
    },
    "4": {
        "position_m": {
            "x": 0.077262,
            "y": 0.147563,
            "z": 0.463155
        },
        "rotation_quat": {
            "x": -0.5039,
            "y": -0.5121,
            "z": -0.4918,
            "w": 0.4919
        },
        "corners_pixel": [
            [
                1089.05908203125,
                761.490478515625
            ],
            [
                1077.7919921875,
                740.40673828125
            ],
            [
                1148.3931884765625,
                741.3826293945312
            ],
            [
                1169.614501953125,
                761.4768676757812
            ]
        ]
    }
}