{
    "1": {
        "position_m": {
            "x": 0.248387,
            "y": 0.152063,
            "z": 0.332461
        },
        "rotation_quat": {
            "x": -0.5209,
            "y": 0.516,
            "z": 0.4836,
            "w": 0.4781
        },
        "corners_pixel": [
            [
                1606.240234375,
                861.0079956054688
            ],
            [
                1709.1968994140625,
                912.7874145507812
            ],
            [
                1570.3609619140625,
                911.5533447265625
            ],
            [
                1489.45751953125,
                859.2235717773438
            ]
        ]
    },
    "4": {
        "position_m": {
            "x": 0.046409,
            "y": 0.150658,
            "z": 0.331404
        },
        "rotation_quat": {
            "x": -0.5241,
            "y": 0.5148,
            "z": 0.4797,
            "w": 0.4797
        },
        "corners_pixel": [
            [
                1133.679443359375,
                858.7457885742188
            ],
            [
                1154.4757080078125,
                910.0767211914062
            ],
            [
                1016.11328125,
                909.6499633789062
            ],
            [
                1016.3307495117188,
                857.5115356445312
            ]
        ]
    },
    "3": {
        "position_m": {
            "x": -0.052631,
            "y": 0.158356,
            "z": 0.431143
        },
        "rotation_quat": {
            "x": -0.521,
            "y": 0.5159,
            "z": 0.4834,
            "w": 0.4783
        },
        "corners_pixel": [
            [
                929.7342529296875,
                791.2294311523438
            ],
            [
                917.3483276367188,
                819.6388549804688
            ],
            [
                815.4110107421875,
                819.6755981445312
            ],
            [
                839.8935546875,
                786.4435424804688
            ]
        ]
    },
    "2": {
        "position_m": {
            "x": 0.14773,
            "y": 0.151356,
            "z": 0.331669
        },
        "rotation_quat": {
            "x": -0.5218,
            "y": 0.5174,
            "z": 0.4795,
            "w": 0.4797
        },
        "corners_pixel": [
            [
                1370.9903564453125,
                859.6907958984375
            ],
            [
                1433.3980712890625,
                911.5281372070312
            ],
            [
                1295.2552490234375,
                911.315185546875
            ],
            [
                1254.33349609375,
                859.495361328125
            ]
        ]
    },
    "7": {
        "position_m": {
            "x": 0.047356,
            "y": 0.15865,
            "z": 0.432778
        },
        "rotation_quat": {
            "x": -0.5219,
            "y": 0.5167,
            "z": 0.4808,
            "w": 0.4791
        },
        "corners_pixel": [
            [
                1109.7919921875,
                789.9959716796875
            ],
            [
                1121.5565185546875,
                819.0509033203125
            ],
            [
                1019.6270141601562,
                818.5914306640625
            ],
            [
                1020.1989135742188,
                789.0745849609375
            ]
        ]
    },
    "8": {
        "position_m": {
            "x": 0.045931,
            "y": 0.168569,
            "z": 0.564938
        },
        "rotation_quat": {
            "x": -0.5067,
            "y": 0.5054,
            "z": 0.4951,
            "w": 0.4925
        },
        "corners_pixel": [
            [
                1087.50927734375,
                736.4149780273438
            ],
            [
                1094.46484375,
                757.904541015625
            ],
            [
                1018.1244506835938,
                756.8568115234375
            ],
            [
                1019.6543579101562,
                736.8599853515625
            ]
        ]
    }
}