{
    "4": {
        "position_m": {
            "x": 0.04639,
            "y": 0.150679,
            "z": 0.331354
        },
        "rotation_quat": {
            "x": -0.5242,
            "y": 0.5149,
            "z": 0.4798,
            "w": 0.4795
        },
        "corners_pixel": [
            [
                1133.51123046875,
                858.7112426757812
            ],
            [
                1154.3314208984375,
                909.7857055664062
            ],
            [
                1015.9854736328125,
                909.7149658203125
            ],
            [
                1016.2177124023438,
                857.5835571289062
            ]
        ]
    },
    "1": {
        "position_m": {
            "x": 0.248592,
            "y": 0.152259,
            "z": 0.332759
        },
        "rotation_quat": {
            "x": -0.5205,
            "y": 0.5165,
            "z": 0.4837,
            "w": 0.4779
        },
        "corners_pixel": [
            [
                1606.220458984375,
                861.192626953125
            ],
            [
                1708.25830078125,
                912.8045043945312
            ],
            [
                1570.6591796875,
                912.0728759765625
            ],
            [
                1489.34912109375,
                859.2286987304688
            ]
        ]
    },
    "3": {
        "position_m": {
            "x": -0.052694,
            "y": 0.158892,
            "z": 0.431854
        },
        "rotation_quat": {
            "x": -0.5204,
            "y": 0.5205,
            "z": 0.4798,
            "w": 0.4776
        },
        "corners_pixel": [
            [
                929.69091796875,
                791.300537109375
            ],
            [
                917.2612915039062,
                819.6668090820312
            ],
            [
                815.1829833984375,
                820.0145874023438
            ],
            [
                840.0,
                791.0
            ]
        ]
    },
    "2": {
        "position_m": {
            "x": 0.147706,
            "y": 0.151413,
            "z": 0.331611
        },
        "rotation_quat": {
            "x": -0.5219,
            "y": 0.5174,
            "z": 0.4796,
            "w": 0.4795
        },
        "corners_pixel": [
            [
                1371.3226318359375,
                860.112548828125
            ],
            [
                1433.4739990234375,
                911.72265625
            ],
            [
                1295.35986328125,
                911.5155639648438
            ],
            [
                1254.3255615234375,
                859.6136474609375
            ]
        ]
    },
    "7": {
        "position_m": {
            "x": 0.047276,
            "y": 0.158656,
            "z": 0.43266
        },
        "rotation_quat": {
            "x": -0.5222,
            "y": 0.5166,
            "z": 0.4805,
            "w": 0.4792
        },
        "corners_pixel": [
            [
                1109.8670654296875,
                790.2261962890625
            ],
            [
                1121.3856201171875,
                819.04833984375
            ],
            [
                1019.5948486328125,
                818.635986328125
            ],
            [
                1019.6244506835938,
                789.9873046875
            ]
        ]
    },
    "8": {
        "position_m": {
            "x": 0.045977,
            "y": 0.168914,
            "z": 0.565712
        },
        "rotation_quat": {
            "x": -0.5058,
            "y": 0.504,
            "z": 0.498,
            "w": 0.4921
        },
        "corners_pixel": [
            [
                1087.6728515625,
                736.4285888671875
            ],
            [
                1094.4302978515625,
                757.8998413085938
            ],
            [
                1018.0737915039062,
                756.8995971679688
            ],
            [
                1019.3699951171875,
                736.9827880859375
            ]
        ]
    }
}