{
    "3": {
        "position_m": {
            "x": 0.03181,
            "y": -0.223175,
            "z": 0.815508
        },
        "rotation_quat": {
            "x": 0.0034,
            "y": -0.0016,
            "z": 0.0048,
            "w": 1.0
        },
        "corners_pixel": [
            [
                993.3596801757812,
                350.80072021484375
            ],
            [
                1038.30029296875,
                351.3715515136719
            ],
            [
                1037.7996826171875,
                396.3641357421875
            ],
            [
                992.8425903320312,
                395.88623046875
            ]
        ]
    },
    "8": {
        "position_m": {
            "x": -0.09491,
            "y": -0.322334,
            "z": 0.811804
        },
        "rotation_quat": {
            "x": -0.0056,
            "y": -0.0119,
            "z": 0.0008,
            "w": 0.9999
        },
        "corners_pixel": [
            [
                878.996337890625,
                260.47967529296875
            ],
            [
                924.5021362304688,
                260.9347229003906
            ],
            [
                924.1731567382812,
                305.8662109375
            ],
            [
                879.0223388671875,
                305.4159851074219
            ]
        ]
    },
    "2": {
        "position_m": {
            "x": 0.133178,
            "y": -0.422255,
            "z": 0.813983
        },
        "rotation_quat": {
            "x": -0.0078,
            "y": -0.0054,
            "z": 0.0043,
            "w": 0.9999
        },
        "corners_pixel": [
            [
                1084.6328125,
                171.4311981201172
            ],
            [
                1129.6668701171875,
                171.7616729736328
            ],
            [
                1129.31982421875,
                216.81336975097656
            ],
            [
                1084.44970703125,
                215.79579162597656
            ]
        ]
    },
    "5": {
        "position_m": {
            "x": -0.0951,
            "y": -0.425099,
            "z": 0.815663
        },
        "rotation_quat": {
            "x": 0.0022,
            "y": 0.0001,
            "z": -0.0019,
            "w": 1.0
        },
        "corners_pixel": [
            [
                879.4459228515625,
                169.43472290039062
            ],
            [
                924.27001953125,
                169.38504028320312
            ],
            [
                924.4065551757812,
                214.2015380859375
            ],
            [
                879.5101928710938,
                214.57443237304688
            ]
        ]
    },
    "4": {
        "position_m": {
            "x": 0.132076,
            "y": -0.321114,
            "z": 0.814463
        },
        "rotation_quat": {
            "x": -0.006,
            "y": -0.0036,
            "z": 0.0015,
            "w": 1.0
        },
        "corners_pixel": [
            [
                1083.5704345703125,
                262.50244140625
            ],
            [
                1128.650146484375,
                262.8603820800781
            ],
            [
                1128.4539794921875,
                307.40301513671875
            ],
            [
                1083.6351318359375,
                307.3943786621094
            ]
        ]
    },
    "1": {
        "position_m": {
            "x": 0.133254,
            "y": -0.522027,
            "z": 0.814201
        },
        "rotation_quat": {
            "x": -0.015,
            "y": -0.0048,
            "z": 0.0047,
            "w": 0.9999
        },
        "corners_pixel": [
            [
                1084.5557861328125,
                81.55926513671875
            ],
            [
                1129.6534423828125,
                82.209716796875
            ],
            [
                1129.378662109375,
                126.64189910888672
            ],
            [
                1084.627197265625,
                125.55354309082031
            ]
        ]
    },
    "6": {
        "position_m": {
            "x": -0.093845,
            "y": -0.525436,
            "z": 0.815455
        },
        "rotation_quat": {
            "x": -0.0032,
            "y": -0.0013,
            "z": 0.0027,
            "w": 1.0
        },
        "corners_pixel": [
            [
                880.430908203125,
                79.2236557006836
            ],
            [
                925.49072265625,
                79.4473648071289
            ],
            [
                925.0829467773438,
                124.44184112548828
            ],
            [
                880.1544189453125,
                123.89273071289062
            ]
        ]
    },
    "7": {
        "position_m": {
            "x": 0.030966,
            "y": -0.323094,
            "z": 0.813056
        },
        "rotation_quat": {
            "x": -0.0096,
            "y": -0.0133,
            "z": 0.0019,
            "w": 0.9999
        },
        "corners_pixel": [
            [
                992.677734375,
                260.1516418457031
            ],
            [
                1037.6895751953125,
                261.0529479980469
            ],
            [
                1037.53515625,
                305.38897705078125
            ],
            [
                992.5596923828125,
                305.05718994140625
            ]
        ]
    }
}