{
    "8": {
        "position_m": {
            "x": -0.094818,
            "y": -0.322103,
            "z": 0.811342
        },
        "rotation_quat": {
            "x": 0.0132,
            "y": -0.0168,
            "z": 0.0006,
            "w": 0.9998
        },
        "corners_pixel": [
            [
                879.10498046875,
                260.57342529296875
            ],
            [
                924.5581665039062,
                261.2032165527344
            ],
            [
                924.2489013671875,
                305.84613037109375
            ],
            [
                879.1895141601562,
                305.47186279296875
            ]
        ]
    },
    "7": {
        "position_m": {
            "x": 0.031089,
            "y": -0.323367,
            "z": 0.814022
        },
        "rotation_quat": {
            "x": -0.0074,
            "y": -0.0114,
            "z": 0.0019,
            "w": 0.9999
        },
        "corners_pixel": [
            [
                992.7427368164062,
                260.1851806640625
            ],
            [
                1037.7315673828125,
                260.9915771484375
            ],
            [
                1037.57861328125,
                305.5086669921875
            ],
            [
                992.6951904296875,
                305.232666015625
            ]
        ]
    },
    "2": {
        "position_m": {
            "x": 0.133227,
            "y": -0.422123,
            "z": 0.813839
        },
        "rotation_quat": {
            "x": -0.0101,
            "y": -0.0064,
            "z": 0.0051,
            "w": 0.9999
        },
        "corners_pixel": [
            [
                1084.626220703125,
                171.53553771972656
            ],
            [
                1129.664306640625,
                172.07681274414062
            ],
            [
                1129.3284912109375,
                216.78274536132812
            ],
            [
                1084.4962158203125,
                215.82479858398438
            ]
        ]
    },
    "4": {
        "position_m": {
            "x": 0.132081,
            "y": -0.320938,
            "z": 0.814251
        },
        "rotation_quat": {
            "x": -0.0086,
            "y": -0.0027,
            "z": 0.0024,
            "w": 1.0
        },
        "corners_pixel": [
            [
                1083.62451171875,
                262.5610656738281
            ],
            [
                1128.673583984375,
                263.1325988769531
            ],
            [
                1128.530517578125,
                307.5520935058594
            ],
            [
                1083.7103271484375,
                307.322509765625
            ]
        ]
    },
    "3": {
        "position_m": {
            "x": 0.031887,
            "y": -0.223132,
            "z": 0.815555
        },
        "rotation_quat": {
            "x": 0.0037,
            "y": -0.0008,
            "z": 0.0054,
            "w": 1.0
        },
        "corners_pixel": [
            [
                993.3474731445312,
                350.9690246582031
            ],
            [
                1038.3409423828125,
                351.541259765625
            ],
            [
                1037.745361328125,
                396.4183349609375
            ],
            [
                993.0045166015625,
                395.8697204589844
            ]
        ]
    },
    "1": {
        "position_m": {
            "x": 0.133246,
            "y": -0.521701,
            "z": 0.813771
        },
        "rotation_quat": {
            "x": -0.0155,
            "y": -0.0047,
            "z": 0.0048,
            "w": 0.9999
        },
        "corners_pixel": [
            [
                1084.641845703125,
                81.74845886230469
            ],
            [
                1129.8448486328125,
                82.36602783203125
            ],
            [
                1129.4881591796875,
                126.60511779785156
            ],
            [
                1084.6632080078125,
                125.809326171875
            ]
        ]
    },
    "5": {
        "position_m": {
            "x": -0.095133,
            "y": -0.425406,
            "z": 0.816231
        },
        "rotation_quat": {
            "x": 0.0038,
            "y": -0.0017,
            "z": -0.0024,
            "w": 1.0
        },
        "corners_pixel": [
            [
                879.3106079101562,
                169.6997528076172
            ],
            [
                924.2191772460938,
                169.43679809570312
            ],
            [
                924.4821166992188,
                214.44802856445312
            ],
            [
                879.6195678710938,
                214.60964965820312
            ]
        ]
    },
    "6": {
        "position_m": {
            "x": -0.093726,
            "y": -0.524838,
            "z": 0.814625
        },
        "rotation_quat": {
            "x": -0.0038,
            "y": -0.0012,
            "z": 0.0024,
            "w": 1.0
        },
        "corners_pixel": [
            [
                880.5026245117188,
                79.47798919677734
            ],
            [
                925.5593872070312,
                79.4926528930664
            ],
            [
                925.1821899414062,
                124.54615020751953
            ],
            [
                880.2863159179688,
                124.04911041259766
            ]
        ]
    }
}